Date,Product_ID,Order_Quantity,Demand,Inventory_Level,Lead_Time,Machine_Availability,Supplier_Reliability
2024-01-01,A,112,81,960,11,1,0.8790550473839461
2024-01-01,B,131,112,314,11,1,0.8001125833417065
2024-01-01,C,113,53,230,6,0,0.9165996316800474
2024-01-01,D,167,67,485,12,1,0.7912726728878613
2024-01-01,E,31,137,956,1,1,0.8199582915145767
2024-01-02,A,197,109,882,14,0,0.8855158027999261
2024-01-02,B,117,84,343,9,0,0.8822634555704315
2024-01-02,C,30,102,266,2,1,0.9896896099223678
2024-01-02,D,18,119,664,2,1,0.8320457481218804
2024-01-02,E,181,37,134,14,1,0.7546708263364187
2024-01-03,A,141,31,489,6,1,0.7554563366576581
2024-01-03,B,155,119,655,2,1,0.9779976597381382
2024-01-03,C,104,77,370,8,1,0.8562502780077471
2024-01-03,D,199,69,824,13,1,0.9486212527455788
2024-01-03,E,163,118,863,12,1,0.7422772674924287
2024-01-04,A,24,74,164,9,1,0.9316734307889972
2024-01-04,B,145,117,162,11,1,0.913402585824595
2024-01-04,C,172,62,478,5,1,0.8953231076505833
2024-01-04,D,37,36,300,8,1,0.7286230349471233
2024-01-04,E,160,91,827,5,1,0.8912672414065639
2024-01-05,A,44,94,838,5,1,0.9546741472798251
2024-01-05,B,14,119,602,14,1,0.8568198488145982
2024-01-05,C,24,119,653,12,1,0.7094287557060203
2024-01-05,D,61,125,999,14,1,0.8813252137833452
2024-01-05,E,152,72,640,4,1,0.8796596399465608
2024-01-06,A,95,57,677,10,1,0.8900211269531271
2024-01-06,B,143,57,127,12,1,0.9677676995469934
2024-01-06,C,84,148,447,9,1,0.733015577358303
2024-01-06,D,130,56,732,4,1,0.7914343774474086
2024-01-06,E,164,38,417,5,1,0.7808237001395564
2024-01-07,A,161,108,926,6,1,0.8674306006052024
2024-01-07,B,189,142,929,1,1,0.7740628188515803
2024-01-07,C,48,31,486,1,1,0.9993221455146826
2024-01-07,D,196,142,101,2,1,0.7099152198701645
2024-01-07,E,138,48,737,2,1,0.8343349493719274
2024-01-08,A,169,148,935,7,1,0.7712912631977199
2024-01-08,B,47,53,936,4,1,0.8196473327333659
2024-01-08,C,153,126,300,12,1,0.9087438420372645
2024-01-08,D,12,49,863,11,1,0.9133448597314053
2024-01-08,E,156,49,963,7,1,0.9072813214307398
2024-01-09,A,137,68,437,8,1,0.8023199053150776
2024-01-09,B,187,52,514,14,1,0.7685650065391899
2024-01-09,C,153,119,723,9,1,0.7782487524491227
2024-01-09,D,138,77,353,12,1,0.9647909029568019
2024-01-09,E,18,134,198,3,1,0.9691330779857731
2024-01-10,A,161,83,219,1,1,0.7252419894985146
2024-01-10,B,173,67,203,4,1,0.8116848299685229
2024-01-10,C,108,54,960,2,1,0.8646201368099758
2024-01-10,D,63,64,819,13,1,0.9136537664042608
2024-01-10,E,42,43,376,4,1,0.9232511569169687
2024-01-11,A,154,62,787,12,1,0.8908997854557686
2024-01-11,B,31,139,769,6,1,0.8460226458878365
2024-01-11,C,17,56,126,2,1,0.8935310086091695
2024-01-11,D,120,93,580,5,1,0.8497580139654257
2024-01-11,E,13,64,291,1,0,0.9983651532392023
2024-01-12,A,167,122,145,5,1,0.9243156321692242
2024-01-12,B,46,53,448,1,1,0.8716877407512514
2024-01-12,C,197,126,215,13,1,0.9553410014550571
2024-01-12,D,76,47,892,10,1,0.9088089390024919
2024-01-12,E,113,75,891,2,1,0.9970161550312789
2024-01-13,A,136,56,589,2,1,0.9546009384774023
2024-01-13,B,146,72,345,7,1,0.9428083466435541
2024-01-13,C,108,79,507,13,0,0.7015554588321959
2024-01-13,D,45,74,119,1,0,0.8190351481641664
2024-01-13,E,151,105,982,7,0,0.8736594686522676
2024-01-14,A,41,116,953,3,1,0.862793390412273
2024-01-14,B,134,51,413,10,0,0.7112044566247643
2024-01-14,C,79,44,153,11,1,0.8566729780164413
2024-01-14,D,62,89,719,5,1,0.9526069225035944
2024-01-14,E,125,123,146,3,1,0.9178274001167984
2024-01-15,A,22,143,735,10,1,0.9385558584306111
2024-01-15,B,72,48,703,10,0,0.7076052230246372
2024-01-15,C,126,91,890,9,1,0.7174580786525331
2024-01-15,D,131,30,850,2,1,0.7281619870243875
2024-01-15,E,98,133,336,5,1,0.85500887722797
2024-01-16,A,78,51,960,7,0,0.8698111631482228
2024-01-16,B,188,130,185,9,1,0.7275397197440325
2024-01-16,C,56,142,193,14,1,0.7525990809668015
2024-01-16,D,153,119,573,5,1,0.7519605609730046
2024-01-16,E,110,52,861,10,1,0.9660041161894143
2024-01-17,A,189,124,861,3,1,0.9569469523564966
2024-01-17,B,78,138,615,8,1,0.9832754791375502
2024-01-17,C,137,61,574,4,1,0.8164509778619565
2024-01-17,D,133,62,790,11,1,0.8158307913402323
2024-01-17,E,170,69,941,11,1,0.7208083902625496
2024-01-18,A,104,75,997,13,0,0.904902032024907
2024-01-18,B,90,119,875,13,1,0.7069815807207477
2024-01-18,C,171,144,716,7,1,0.9090211496092452
2024-01-18,D,84,58,475,4,1,0.9902741654560743
2024-01-18,E,173,39,968,9,1,0.8727773725774254
2024-01-19,A,108,141,647,2,1,0.8741632037031729
2024-01-19,B,160,91,835,5,1,0.9039534339700738
2024-01-19,C,32,118,966,9,1,0.860298242059169
2024-01-19,D,93,141,828,6,1,0.7299954661485589
2024-01-19,E,109,41,544,9,1,0.8064715571388161
2024-01-20,A,37,107,834,4,1,0.8895511636509398
2024-01-20,B,126,98,198,12,1,0.9017555368231115
2024-01-20,C,62,52,243,9,1,0.9792787317061877
2024-01-20,D,195,68,497,10,1,0.9663112548274899
2024-01-20,E,84,47,850,12,1,0.9510891622712121
2024-01-21,A,154,131,618,14,1,0.721828901909258
2024-01-21,B,187,56,733,2,0,0.7254513142255575
2024-01-21,C,92,37,595,13,1,0.9438398701772508
2024-01-21,D,80,118,400,4,1,0.9124543586749599
2024-01-21,E,28,90,975,6,1,0.7746172463290864
2024-01-22,A,28,68,225,3,1,0.8215606260344251
2024-01-22,B,135,87,759,12,1,0.9468371055630079
2024-01-22,C,176,30,486,13,1,0.8200668678616074
2024-01-22,D,122,54,923,1,1,0.9889667618321833
2024-01-22,E,53,74,771,13,0,0.9673429341094213
2024-01-23,A,127,114,302,12,0,0.8661562853203962
2024-01-23,B,29,86,501,9,1,0.7883481840518289
2024-01-23,C,10,146,665,6,1,0.9211302117529058
2024-01-23,D,21,103,835,8,1,0.7320268197807652
2024-01-23,E,126,37,221,12,1,0.8164805151969616
2024-01-24,A,69,79,639,12,1,0.7779849588562788
2024-01-24,B,164,147,244,9,1,0.9441385059120846
2024-01-24,C,166,42,657,3,1,0.9849399739875772
2024-01-24,D,56,54,549,10,1,0.9598191668501225
2024-01-24,E,118,34,218,8,1,0.9431659992345499
2024-01-25,A,186,40,952,10,1,0.990974319344381
2024-01-25,B,36,78,560,1,1,0.8244458507012995
2024-01-25,C,138,50,922,6,1,0.8603038825088389
2024-01-25,D,142,131,870,5,1,0.9178362532215544
2024-01-25,E,92,46,184,14,1,0.7754327318535396
2024-01-26,A,182,106,871,14,1,0.9270997396516686
2024-01-26,B,43,121,194,8,0,0.8494495559937678
2024-01-26,C,191,147,870,11,1,0.9449157205639187
2024-01-26,D,142,123,833,11,1,0.7402045685351922
2024-01-26,E,56,52,306,5,1,0.911223930429767
2024-01-27,A,188,132,521,12,1,0.8824263548625656
2024-01-27,B,91,59,434,11,0,0.9179191097950684
2024-01-27,C,175,126,434,12,1,0.8570806828045033
2024-01-27,D,90,34,896,4,1,0.9526274245056129
2024-01-27,E,26,113,168,2,1,0.8042240224676243
2024-01-28,A,135,136,142,11,0,0.7386639165731947
2024-01-28,B,192,109,194,11,1,0.8922624234409644
2024-01-28,C,113,33,795,9,1,0.8421884920788617
2024-01-28,D,102,61,160,10,1,0.9465371910533348
2024-01-28,E,101,71,928,6,0,0.7361907613301802
2024-01-29,A,21,119,145,2,1,0.7990298539930466
2024-01-29,B,164,102,893,9,1,0.9063354151288249
2024-01-29,C,65,123,206,13,0,0.960490332110676
2024-01-29,D,17,142,966,13,1,0.8609771937961997
2024-01-29,E,65,115,625,10,1,0.8593797261920602
2024-01-30,A,139,138,765,14,1,0.7399350785762434
2024-01-30,B,12,140,849,11,1,0.7321516034019327
2024-01-30,C,47,128,982,9,1,0.7546851635427874
2024-01-30,D,48,86,372,7,0,0.860600669204657
2024-01-30,E,34,46,624,4,1,0.8065312909837914
2024-01-31,A,118,47,210,4,1,0.8760523354062637
2024-01-31,B,17,69,468,12,1,0.7851327717396173
2024-01-31,C,15,81,381,2,1,0.849474309354682
2024-01-31,D,130,62,536,6,1,0.8096070459022172
2024-01-31,E,121,33,449,11,0,0.9417594660223431
2024-02-01,A,161,84,236,7,0,0.7054727444285083
2024-02-01,B,45,53,322,6,1,0.9908411299826106
2024-02-01,C,13,108,745,6,1,0.7512662762170197
2024-02-01,D,188,91,540,2,1,0.8714838068409699
2024-02-01,E,188,74,399,5,1,0.797103770921273
2024-02-02,A,28,113,324,4,1,0.734451047421761
2024-02-02,B,99,43,419,6,1,0.7463088145822606
2024-02-02,C,109,106,358,1,1,0.8362803916657299
2024-02-02,D,14,52,749,12,1,0.90537146436395
2024-02-02,E,93,94,418,5,0,0.7350088192425044
2024-02-03,A,152,53,649,7,1,0.7320097750340308
2024-02-03,B,78,91,335,2,1,0.9192602425610933
2024-02-03,C,146,63,687,3,0,0.9223361947870177
2024-02-03,D,159,89,931,13,1,0.9385801935579671
2024-02-03,E,23,89,897,3,1,0.9443724160694146
2024-02-04,A,132,107,509,14,1,0.9631601622439325
2024-02-04,B,98,47,395,8,1,0.8130833288274723
2024-02-04,C,188,67,964,7,1,0.8732458812718377
2024-02-04,D,154,126,602,2,1,0.9719416332893641
2024-02-04,E,188,68,297,6,1,0.9191647410427904
2024-02-05,A,51,93,599,13,1,0.9224382733417136
2024-02-05,B,164,65,256,6,1,0.9120941383730377
2024-02-05,C,164,84,388,14,1,0.9142192246670843
2024-02-05,D,14,103,964,6,1,0.7331895210865621
2024-02-05,E,118,117,795,13,1,0.8459072445986823
2024-02-06,A,77,105,784,2,0,0.879532810361568
2024-02-06,B,173,65,893,11,1,0.9480396483427235
2024-02-06,C,83,133,649,6,1,0.8386017410932398
2024-02-06,D,55,136,495,10,1,0.8517666036653397
2024-02-06,E,120,133,927,11,1,0.8695399550767626
2024-02-07,A,77,34,987,5,1,0.7457617128742784
2024-02-07,B,101,60,477,9,1,0.9209332706874168
2024-02-07,C,49,70,825,11,1,0.7339714137522265
2024-02-07,D,158,119,721,4,1,0.9762525647852117
2024-02-07,E,72,83,666,3,1,0.8197008111610391
2024-02-08,A,62,38,301,4,1,0.8811164595190417
2024-02-08,B,44,92,343,9,1,0.9768880695395454
2024-02-08,C,144,111,574,2,1,0.8761204672409701
2024-02-08,D,196,137,862,3,1,0.8732895862274641
2024-02-08,E,189,99,600,8,1,0.9341487122638263
2024-02-09,A,159,55,255,2,1,0.7534107900609254
2024-02-09,B,93,134,788,4,1,0.7256049004235932
2024-02-09,C,198,133,660,7,1,0.7201229432165283
2024-02-09,D,188,85,822,14,1,0.7572063161991
2024-02-09,E,182,122,385,8,1,0.7882134037662915
2024-02-10,A,124,76,293,6,1,0.8202289182625978
2024-02-10,B,175,80,930,4,1,0.9585356863040552
2024-02-10,C,112,32,899,10,1,0.8931998629717047
2024-02-10,D,133,126,186,7,1,0.9147916686542192
2024-02-10,E,102,37,932,9,1,0.7693224389764214
2024-02-11,A,196,101,153,9,1,0.7535633986163001
2024-02-11,B,106,121,363,2,1,0.9966186345866328
2024-02-11,C,41,149,913,11,1,0.983322917673182
2024-02-11,D,191,114,834,7,1,0.7039005770532207
2024-02-11,E,16,62,250,5,0,0.7544306305269391
2024-02-12,A,45,58,799,2,1,0.9452330685215322
2024-02-12,B,157,40,845,2,1,0.7102684332461587
2024-02-12,C,29,34,904,6,1,0.8088273683997836
2024-02-12,D,62,73,966,4,1,0.9339276324364092
2024-02-12,E,90,103,257,8,1,0.8413196358081443
2024-02-13,A,123,144,308,14,1,0.9096537559482714
2024-02-13,B,34,132,300,6,1,0.8265111803659845
2024-02-13,C,163,87,128,13,1,0.9049551569336444
2024-02-13,D,79,47,227,5,1,0.8494272260533017
2024-02-13,E,43,46,776,9,1,0.9160607744896887
2024-02-14,A,126,135,441,5,1,0.7799495180112647
2024-02-14,B,177,127,367,13,1,0.7526113835870348
2024-02-14,C,182,46,575,14,1,0.7140897900325165
2024-02-14,D,63,136,804,3,0,0.9312957776606435
2024-02-14,E,38,50,878,8,1,0.9746541031875742
2024-02-15,A,196,68,843,3,1,0.8189948119156163
2024-02-15,B,161,147,505,5,1,0.7809733667176585
2024-02-15,C,157,112,838,4,0,0.8489098741603709
2024-02-15,D,118,136,581,9,1,0.7319794759401315
2024-02-15,E,49,46,740,9,1,0.8794858174804464
2024-02-16,A,34,68,902,3,0,0.7007018171877334
2024-02-16,B,188,123,201,2,1,0.7943789670428233
2024-02-16,C,196,78,116,10,1,0.8563902002240708
2024-02-16,D,21,91,691,8,1,0.8916848156002786
2024-02-16,E,90,116,584,6,1,0.9941730400539964
2024-02-17,A,98,41,754,11,1,0.983217801905984
2024-02-17,B,56,61,877,7,1,0.8667419744311539
2024-02-17,C,95,36,881,5,1,0.7577797083356891
2024-02-17,D,81,143,926,7,1,0.9235193644360661
2024-02-17,E,125,68,501,11,1,0.7111022904146478
2024-02-18,A,168,53,719,12,1,0.9654995069569843
2024-02-18,B,180,69,282,7,0,0.7945871013491831
2024-02-18,C,13,122,496,2,1,0.8280451169964593
2024-02-18,D,117,95,410,3,1,0.7063808232551161
2024-02-18,E,22,42,373,3,0,0.7028456300885494
2024-02-19,A,38,91,576,14,1,0.888251638965511
2024-02-19,B,193,137,338,9,1,0.8253300346502
2024-02-19,C,112,113,488,1,1,0.7331422339394184
2024-02-19,D,151,149,769,2,1,0.7700823253149729
2024-02-19,E,162,77,804,5,1,0.8283319401207587
2024-02-20,A,58,117,239,11,1,0.9359035043246656
2024-02-20,B,180,99,906,8,1,0.8802395339326594
2024-02-20,C,71,106,325,9,1,0.7194959228448682
2024-02-20,D,81,49,960,6,1,0.8538065533049526
2024-02-20,E,83,136,325,9,1,0.7559314786432764
2024-02-21,A,12,149,873,5,0,0.9907307890422434
2024-02-21,B,186,38,198,4,1,0.7521685747658462
2024-02-21,C,172,79,949,14,1,0.9692308444138612
2024-02-21,D,22,149,992,9,1,0.8740258623513434
2024-02-21,E,107,40,716,8,1,0.7388544763848413
2024-02-22,A,146,96,837,12,0,0.7987154096109613
2024-02-22,B,34,34,494,11,1,0.7757947281882654
2024-02-22,C,47,101,350,5,0,0.8597807558202286
2024-02-22,D,46,89,787,13,1,0.9974426005435144
2024-02-22,E,123,69,400,14,1,0.9474042897775448
2024-02-23,A,65,69,965,8,1,0.7801084810508264
2024-02-23,B,15,117,246,8,1,0.7472021979107577
2024-02-23,C,57,70,880,11,1,0.9790271051529216
2024-02-23,D,109,92,766,6,1,0.964491139831105
2024-02-23,E,54,87,860,3,1,0.7015435512264144
2024-02-24,A,169,136,536,14,1,0.7003360334440328
2024-02-24,B,11,107,688,13,1,0.7579398593761879
2024-02-24,C,22,75,766,1,1,0.7347531570340773
2024-02-24,D,107,89,547,8,1,0.7385346154279574
2024-02-24,E,167,100,685,9,1,0.8025616498116058
2024-02-25,A,69,108,321,5,1,0.9811685461709353
2024-02-25,B,105,129,341,4,1,0.9124516265935845
2024-02-25,C,159,46,985,1,0,0.7224083253273562
2024-02-25,D,59,43,803,13,1,0.8942720930205723
2024-02-25,E,189,105,106,13,0,0.7970830657448623
2024-02-26,A,88,61,558,10,0,0.7476814849830269
2024-02-26,B,38,33,198,13,1,0.8581072288635586
2024-02-26,C,38,58,174,4,1,0.9318468340050413
2024-02-26,D,93,51,558,11,1,0.9889709960320395
2024-02-26,E,193,121,120,5,1,0.8192783193888382
2024-02-27,A,194,98,486,11,1,0.9682297611037404
2024-02-27,B,24,63,262,1,1,0.8105579031171283
2024-02-27,C,24,137,307,11,1,0.7556576547109363
2024-02-27,D,154,122,408,8,1,0.9534349684350663
2024-02-27,E,140,122,792,8,1,0.8849950943562214
2024-02-28,A,55,44,252,14,1,0.7375557376607651
2024-02-28,B,93,129,620,6,1,0.748247640723457
2024-02-28,C,126,31,443,8,1,0.8365660447245403
2024-02-28,D,81,50,373,14,1,0.8439816504151371
2024-02-28,E,104,67,643,11,1,0.9580367191567614
2024-02-29,A,111,70,491,11,1,0.7314790535254524
2024-02-29,B,154,105,988,14,1,0.8496664460354068
2024-02-29,C,95,121,759,1,1,0.7029312542257551
2024-02-29,D,106,31,324,1,1,0.7247525603321263
2024-02-29,E,86,145,765,6,1,0.9932399158944357
2024-03-01,A,99,75,221,2,1,0.7123550485837815
2024-03-01,B,181,78,971,11,1,0.9688663908055115
2024-03-01,C,18,35,172,7,1,0.7896507659011941
2024-03-01,D,17,101,789,12,1,0.8018350577628418
2024-03-01,E,136,36,558,4,1,0.879242758789579
2024-03-02,A,31,55,994,3,0,0.7491998442968492
2024-03-02,B,23,104,111,7,1,0.8437836785728862
2024-03-02,C,131,48,666,14,1,0.7546353747066098
2024-03-02,D,128,82,794,3,1,0.7062583417874614
2024-03-02,E,159,66,451,8,1,0.895097705904081
2024-03-03,A,44,90,192,6,0,0.7773048665533641
2024-03-03,B,85,78,961,5,1,0.9228119563599942
2024-03-03,C,157,66,615,12,1,0.9962948691208173
2024-03-03,D,161,79,788,3,1,0.8315846257568771
2024-03-03,E,126,127,611,4,1,0.9702105592033775
2024-03-04,A,15,68,854,3,1,0.8077453088998694
2024-03-04,B,140,138,629,8,1,0.7707376281877629
2024-03-04,C,35,37,199,14,1,0.7712629974771632
2024-03-04,D,87,31,474,5,1,0.8476833569344104
2024-03-04,E,71,147,927,13,1,0.8544452061789071
2024-03-05,A,93,31,842,6,1,0.7936444170089341
2024-03-05,B,37,95,262,5,0,0.8765237900021816
2024-03-05,C,193,65,400,7,1,0.7708151390039392
2024-03-05,D,127,43,691,10,1,0.9008171204378084
2024-03-05,E,114,30,232,4,1,0.9845750064554302
2024-03-06,A,66,93,985,4,1,0.8816614472934649
2024-03-06,B,184,130,303,5,1,0.9116156782336611
2024-03-06,C,65,57,466,6,1,0.7335758858193183
2024-03-06,D,123,107,741,9,1,0.9809817076884885
2024-03-06,E,38,30,218,3,1,0.9801625052583715
2024-03-07,A,78,62,790,14,1,0.8192136965393203
2024-03-07,B,52,127,316,2,1,0.8740336689086404
2024-03-07,C,193,140,526,2,1,0.8596734966478897
2024-03-07,D,160,74,407,2,1,0.9020297299974752
2024-03-07,E,94,30,875,13,1,0.9604426763132516
2024-03-08,A,95,76,901,1,1,0.983384265842207
2024-03-08,B,167,143,244,10,1,0.8711829239916489
2024-03-08,C,85,120,939,9,1,0.9029540157331739
2024-03-08,D,156,60,753,5,1,0.8731555710135245
2024-03-08,E,199,121,803,6,1,0.9599316002582936
2024-03-09,A,98,77,880,9,0,0.7866056786591914
2024-03-09,B,77,127,480,6,1,0.9002780156690754
2024-03-09,C,91,42,378,3,1,0.8127016755645179
2024-03-09,D,63,100,700,5,1,0.8099384604614194
2024-03-09,E,152,50,927,13,1,0.7712632392622982
2024-03-10,A,44,73,201,10,1,0.7505333155428159
2024-03-10,B,83,95,876,3,1,0.9854435678997974
2024-03-10,C,165,146,320,10,1,0.7446975567910584
2024-03-10,D,57,66,399,4,1,0.9294649784626384
2024-03-10,E,79,75,597,12,1,0.7054697748029084
2024-03-11,A,160,136,435,5,1,0.7730446889728897
2024-03-11,B,60,44,423,5,1,0.7583674969555902
2024-03-11,C,87,97,472,4,1,0.9788817632265967
2024-03-11,D,165,64,747,10,1,0.9148452022669581
2024-03-11,E,186,106,743,10,1,0.754344804860404
2024-03-12,A,104,137,685,7,1,0.9127138785167298
2024-03-12,B,65,142,544,10,1,0.8273582275589085
2024-03-12,C,127,36,921,1,1,0.8579497582461343
2024-03-12,D,56,42,986,6,1,0.9652619390045223
2024-03-12,E,146,55,620,10,1,0.80823175573318
2024-03-13,A,179,101,251,1,1,0.9341576545731586
2024-03-13,B,59,53,630,4,1,0.9002649697874411
2024-03-13,C,155,48,775,10,1,0.8759825389526422
2024-03-13,D,184,78,582,12,1,0.7650219400272327
2024-03-13,E,159,77,904,3,1,0.864009223814221
2024-03-14,A,147,102,689,13,1,0.8490300576577507
2024-03-14,B,11,93,902,7,1,0.8212956304312876
2024-03-14,C,127,68,852,11,1,0.7385182868362375
2024-03-14,D,28,97,317,6,1,0.7822481999679417
2024-03-14,E,45,133,840,1,1,0.8203563742116948
2024-03-15,A,106,99,524,7,0,0.8557179372724811
2024-03-15,B,139,89,616,12,1,0.8620035743813531
2024-03-15,C,59,96,911,13,1,0.7570974588457203
2024-03-15,D,139,116,271,2,1,0.9986441472112771
2024-03-15,E,39,145,363,6,1,0.9872875853516141
2024-03-16,A,86,122,386,9,1,0.8228433559015611
2024-03-16,B,167,84,111,1,1,0.9943709123032911
2024-03-16,C,12,45,641,13,1,0.9922493885884046
2024-03-16,D,127,34,971,8,1,0.9526099883129264
2024-03-16,E,158,113,505,2,1,0.959405857610062
2024-03-17,A,25,105,649,4,1,0.7108481141574285
2024-03-17,B,160,143,848,2,1,0.8038965305767011
2024-03-17,C,84,96,279,14,1,0.8801783000081852
2024-03-17,D,64,35,518,6,1,0.9976474044469938
2024-03-17,E,110,145,589,12,1,0.7349099193656428
2024-03-18,A,91,74,902,14,1,0.9604170070322351
2024-03-18,B,143,96,947,7,1,0.7242757849153756
2024-03-18,C,158,64,677,11,1,0.8038299179613356
2024-03-18,D,29,111,867,10,1,0.7397574018225545
2024-03-18,E,63,62,263,14,1,0.9694784881878118
2024-03-19,A,134,81,998,3,1,0.7439121976486747
2024-03-19,B,126,127,491,5,0,0.7405498867464468
2024-03-19,C,77,74,111,12,1,0.8518425588520732
2024-03-19,D,155,122,927,6,0,0.7053063428839771
2024-03-19,E,139,89,762,3,1,0.8693323272036647
2024-03-20,A,171,39,444,2,1,0.9262760633031589
2024-03-20,B,168,85,562,9,1,0.7511994275649995
2024-03-20,C,158,102,255,14,1,0.7533299163553744
2024-03-20,D,153,126,359,4,1,0.9441910808518056
2024-03-20,E,112,81,320,4,1,0.9544047655748205
2024-03-21,A,187,92,584,4,1,0.8962227386115994
2024-03-21,B,16,56,191,6,1,0.9200843141684206
2024-03-21,C,95,34,609,7,1,0.8444032454905971
2024-03-21,D,88,50,749,7,1,0.8605930394357775
2024-03-21,E,74,42,312,10,1,0.9927621264730161
2024-03-22,A,91,130,272,4,1,0.7797553409962941
2024-03-22,B,148,92,407,7,1,0.7381599288062348
2024-03-22,C,43,81,723,12,1,0.9432057783958798
2024-03-22,D,189,58,521,10,1,0.9676254066820703
2024-03-22,E,114,93,116,8,1,0.9064404118259626
2024-03-23,A,69,77,128,1,1,0.7115279046886974
2024-03-23,B,197,133,888,12,1,0.8978061766617348
2024-03-23,C,196,115,299,1,1,0.719995612168207
2024-03-23,D,97,74,566,5,1,0.8536665762438024
2024-03-23,E,110,37,944,8,0,0.9148970164188046
2024-03-24,A,118,80,507,3,0,0.9869504194898441
2024-03-24,B,30,133,925,14,1,0.991224987301201
2024-03-24,C,144,144,639,3,1,0.7295186949140191
2024-03-24,D,103,147,451,8,1,0.7062834883092738
2024-03-24,E,121,121,436,8,1,0.8873990706562791
2024-03-25,A,187,96,660,4,1,0.9323901341913364
2024-03-25,B,178,118,477,7,0,0.9905466332783152
2024-03-25,C,158,65,751,11,1,0.8805644768908966
2024-03-25,D,190,61,450,12,1,0.7131206877639908
2024-03-25,E,26,69,501,7,0,0.8127978669823934
2024-03-26,A,87,118,725,6,1,0.9784952598545731
2024-03-26,B,181,61,534,14,0,0.997724620146841
2024-03-26,C,131,61,321,7,1,0.7775294860875454
2024-03-26,D,184,47,248,13,1,0.9935191836401788
2024-03-26,E,55,133,337,7,1,0.7161574620994078
2024-03-27,A,95,51,334,9,1,0.7129521207391034
2024-03-27,B,11,58,312,4,1,0.7640534098932016
2024-03-27,C,160,117,143,13,1,0.9274555033229612
2024-03-27,D,106,85,614,6,1,0.9066655906150272
2024-03-27,E,48,137,466,9,1,0.7480214904863719
2024-03-28,A,115,87,755,8,1,0.9179385145339014
2024-03-28,B,141,133,582,10,1,0.7932786790022662
2024-03-28,C,158,75,330,11,1,0.8066153706057217
2024-03-28,D,22,38,599,4,0,0.9282972280084282
2024-03-28,E,63,41,308,14,1,0.987422044035814
2024-03-29,A,130,49,686,3,1,0.8410957162305357
2024-03-29,B,110,87,231,13,1,0.9341199328441824
2024-03-29,C,163,66,841,5,0,0.7535117752921989
2024-03-29,D,47,75,871,12,1,0.7278971919469396
2024-03-29,E,128,100,615,13,1,0.7194560783448904
2024-03-30,A,89,87,154,4,1,0.8810462999789365
2024-03-30,B,171,59,693,3,1,0.9475148230540186
2024-03-30,C,58,92,977,3,0,0.8002714956088182
2024-03-30,D,39,87,216,4,1,0.8320596993866471
2024-03-30,E,103,84,212,7,1,0.8114266005619137
2024-03-31,A,122,121,862,11,1,0.789833053147566
2024-03-31,B,170,46,297,4,1,0.7534757400713924
2024-03-31,C,152,99,658,14,1,0.9219959160056835
2024-03-31,D,99,45,936,9,1,0.993894014510165
2024-03-31,E,12,106,718,1,1,0.8759437276566121
2024-04-01,A,90,138,662,5,0,0.9558184059627134
2024-04-01,B,163,144,680,13,1,0.8442718002259209
2024-04-01,C,158,103,803,5,1,0.8893511937870119
2024-04-01,D,135,132,394,2,1,0.9340639190290307
2024-04-01,E,109,99,908,6,1,0.7394048224434719
2024-04-02,A,66,60,695,8,1,0.7040207879296496
2024-04-02,B,161,137,717,14,0,0.7827159559286656
2024-04-02,C,192,121,369,8,1,0.8113621281669995
2024-04-02,D,115,118,304,6,0,0.8462713581020153
2024-04-02,E,193,136,695,2,1,0.7417736113352785
2024-04-03,A,187,62,618,6,1,0.7065470190326468
2024-04-03,B,157,117,754,7,1,0.9483605125966519
2024-04-03,C,129,43,412,5,1,0.7769590187332743
2024-04-03,D,140,116,829,5,1,0.8391797460065008
2024-04-03,E,98,114,483,12,1,0.73422873546638
2024-04-04,A,187,146,807,10,0,0.9051262316731128
2024-04-04,B,42,110,763,13,1,0.8211933628979644
2024-04-04,C,52,70,522,6,1,0.8838700482585847
2024-04-04,D,107,94,941,5,1,0.8992563743516252
2024-04-04,E,66,95,941,2,1,0.8380486793465318
2024-04-05,A,176,115,687,8,1,0.733580778106459
2024-04-05,B,68,39,710,3,1,0.7604091346407923
2024-04-05,C,144,50,631,10,1,0.9270254517065905
2024-04-05,D,152,149,843,5,1,0.7484859433857614
2024-04-05,E,23,56,480,9,1,0.9252188520998041
2024-04-06,A,122,92,165,9,0,0.8030989577827309
2024-04-06,B,53,126,653,4,1,0.8115798003750594
2024-04-06,C,32,118,478,2,0,0.8323216474752351
2024-04-06,D,20,149,367,10,0,0.8070012922425294
2024-04-06,E,50,65,584,5,1,0.8928023973017271
2024-04-07,A,152,77,337,8,1,0.8342808820960651
2024-04-07,B,21,31,874,3,1,0.9691559022893856
2024-04-07,C,116,69,585,1,1,0.7100150805359143
2024-04-07,D,17,130,991,11,1,0.9395779817148253
2024-04-07,E,119,147,886,9,1,0.8515620320729914
2024-04-08,A,25,30,674,13,1,0.900375999641088
2024-04-08,B,22,63,359,12,1,0.8282469063761845
2024-04-08,C,137,56,936,9,0,0.7088092477307176
2024-04-08,D,157,63,765,14,1,0.992037216992852
2024-04-08,E,18,145,585,2,1,0.9278747230343896
2024-04-09,A,130,40,549,12,1,0.8073394795976325
2024-04-09,B,140,105,575,14,1,0.9136042060992342
2024-04-09,C,199,62,774,4,1,0.9219013902180291
2024-04-09,D,91,87,174,9,1,0.8731749192305839
2024-04-09,E,26,98,719,11,1,0.7761924623716074
2024-04-10,A,42,113,992,2,1,0.9058981590058293
2024-04-10,B,165,76,553,9,1,0.9975227851503516
2024-04-10,C,96,92,678,4,1,0.7646589606373995
2024-04-10,D,152,92,632,3,1,0.8224919028278354
2024-04-10,E,151,129,559,1,1,0.9365342029759895
2024-04-11,A,86,108,309,3,1,0.9012196935717502
2024-04-11,B,160,88,702,2,1,0.8381074813605779
2024-04-11,C,109,146,939,14,1,0.9930400985531977
2024-04-11,D,87,113,980,9,1,0.7081525048272532
2024-04-11,E,111,116,761,9,1,0.9732310484931745
2024-04-12,A,179,48,812,12,0,0.9888431071222078
2024-04-12,B,72,102,862,12,1,0.784456359524479
2024-04-12,C,184,145,497,8,1,0.8622095429934731
2024-04-12,D,177,110,385,9,0,0.8406303896393518
2024-04-12,E,98,43,302,5,1,0.7899757334520954
2024-04-13,A,50,97,167,12,1,0.9003414049679219
2024-04-13,B,119,115,731,7,1,0.9514456550655773
2024-04-13,C,185,59,367,3,1,0.9367482539766194
2024-04-13,D,158,98,403,4,1,0.8465123886948815
2024-04-13,E,198,38,423,3,1,0.9636936700846802
2024-04-14,A,74,37,400,7,1,0.7950839763373357
2024-04-14,B,85,75,658,9,1,0.7494474026040285
2024-04-14,C,159,133,632,3,1,0.9366406791716079
2024-04-14,D,188,33,922,7,1,0.7702553340446456
2024-04-14,E,85,74,678,6,1,0.781470629425312
2024-04-15,A,100,84,460,1,1,0.8220915728902791
2024-04-15,B,162,111,672,12,1,0.9722140494138541
2024-04-15,C,133,135,548,9,1,0.8446123174336247
2024-04-15,D,177,43,390,13,1,0.8772602323813125
2024-04-15,E,198,131,148,14,0,0.9499951214419038
2024-04-16,A,157,126,701,7,1,0.8716145930107903
2024-04-16,B,71,135,462,6,1,0.8191045123711574
2024-04-16,C,46,78,652,1,1,0.8035669428405076
2024-04-16,D,176,84,140,7,1,0.9106776298094993
2024-04-16,E,156,40,432,14,1,0.8169617058824632
2024-04-17,A,28,105,683,8,1,0.7774519762573507
2024-04-17,B,198,141,400,10,1,0.9463594847650679
2024-04-17,C,17,54,958,14,0,0.7772821661001166
2024-04-17,D,186,76,951,2,1,0.8995876305934165
2024-04-17,E,170,65,693,5,1,0.8256843370562426
2024-04-18,A,93,142,836,12,0,0.8064313875507952
2024-04-18,B,176,31,896,9,1,0.9664117193080354
2024-04-18,C,19,43,309,3,1,0.8837720405034457
2024-04-18,D,37,32,183,6,1,0.9707359921857525
2024-04-18,E,175,32,449,8,1,0.9084647121027878
2024-04-19,A,21,64,334,1,0,0.8198106245184072
2024-04-19,B,110,114,673,1,1,0.8399823354091648
2024-04-19,C,161,67,895,5,1,0.8289793232170444
2024-04-19,D,108,74,474,9,1,0.936695547976238
2024-04-19,E,197,137,965,3,1,0.8737799061461581
2024-04-20,A,50,92,122,8,1,0.7036929109048227
2024-04-20,B,66,147,711,12,1,0.8123658661060363
2024-04-20,C,193,57,106,4,0,0.9285720460397247
2024-04-20,D,56,49,886,13,1,0.8136730834176443
2024-04-20,E,172,72,578,11,1,0.793365248519018
2024-04-21,A,47,93,424,8,1,0.7653677662764969
2024-04-21,B,74,60,487,1,1,0.8456769098978193
2024-04-21,C,129,117,542,3,1,0.81526201389574
2024-04-21,D,164,75,462,11,1,0.7070056288984558
2024-04-21,E,68,44,344,14,1,0.9506440709146983
2024-04-22,A,46,71,223,5,1,0.8332383139497255
2024-04-22,B,27,102,468,13,1,0.9883406456222779
2024-04-22,C,154,138,835,6,1,0.7462435129535461
2024-04-22,D,58,42,773,13,1,0.9500949885812756
2024-04-22,E,188,32,653,2,1,0.7583871510114616
2024-04-23,A,94,75,482,12,1,0.9492065531560231
2024-04-23,B,77,144,484,12,1,0.9999141412467742
2024-04-23,C,150,140,965,11,1,0.9347164988380262
2024-04-23,D,108,111,203,6,1,0.8861981439473752
2024-04-23,E,174,132,952,8,0,0.842663811246048
2024-04-24,A,173,147,758,11,1,0.9166429706367717
2024-04-24,B,182,76,239,6,1,0.9371529382824655
2024-04-24,C,14,110,283,4,1,0.7103383778275
2024-04-24,D,79,46,982,3,1,0.728101726211773
2024-04-24,E,61,125,681,7,1,0.785735066657761
2024-04-25,A,170,91,315,7,1,0.8533826386602253
2024-04-25,B,188,82,830,2,1,0.8806350956064338
2024-04-25,C,13,36,464,3,1,0.7327792630928864
2024-04-25,D,125,74,948,1,1,0.9679270615586245
2024-04-25,E,156,92,905,3,1,0.8531297467012696
2024-04-26,A,198,60,819,2,1,0.9063166127291682
2024-04-26,B,180,96,665,10,1,0.7898186765115044
2024-04-26,C,178,53,646,8,1,0.9380182042916043
2024-04-26,D,172,48,469,8,1,0.7269436462848322
2024-04-26,E,39,36,678,1,1,0.8898718992035303
2024-04-27,A,152,66,240,8,1,0.9465779907819789
2024-04-27,B,136,30,775,3,1,0.7265814141909037
2024-04-27,C,18,63,483,4,1,0.7198029532420724
2024-04-27,D,108,101,870,14,1,0.9843064077893412
2024-04-27,E,43,74,672,3,1,0.7898697033861621
2024-04-28,A,177,46,474,2,1,0.9121259431800094
2024-04-28,B,197,95,549,10,1,0.7885871482143829
2024-04-28,C,43,68,550,8,1,0.7456988768393606
2024-04-28,D,64,56,729,13,1,0.9526692239031843
2024-04-28,E,154,134,769,5,0,0.7643884219776408
2024-04-29,A,28,86,380,6,1,0.9159374360064058
2024-04-29,B,41,91,173,10,1,0.8663972044105287
2024-04-29,C,157,61,981,14,1,0.7703960325327548
2024-04-29,D,62,53,946,6,1,0.7359861079071669
2024-04-29,E,68,116,875,2,1,0.7475872433579134
2024-04-30,A,43,111,859,2,1,0.7814641142233727
2024-04-30,B,58,108,540,1,1,0.7140555725582809
2024-04-30,C,105,115,393,1,0,0.9518015477068007
2024-04-30,D,178,35,424,12,1,0.794881044918792
2024-04-30,E,148,94,718,3,1,0.959964394524726
2024-05-01,A,109,111,918,13,1,0.813194098421897
2024-05-01,B,65,105,790,5,1,0.7126875247668043
2024-05-01,C,166,62,927,11,1,0.9027543239393009
2024-05-01,D,184,52,824,5,1,0.7548421709970701
2024-05-01,E,33,137,622,1,1,0.9831946916089629
2024-05-02,A,30,113,822,12,1,0.7314424194992716
2024-05-02,B,57,132,639,9,1,0.7332932573755444
2024-05-02,C,114,100,112,2,1,0.8247392502062351
2024-05-02,D,139,45,748,9,1,0.9191489082876371
2024-05-02,E,109,138,954,13,0,0.8184203061534484
2024-05-03,A,17,36,903,2,1,0.9923775434005989
2024-05-03,B,181,50,639,8,1,0.8737525766124167
2024-05-03,C,30,136,326,13,0,0.7334536636963829
2024-05-03,D,147,82,143,5,1,0.7725666650662437
2024-05-03,E,111,53,869,6,1,0.9846537867493391
2024-05-04,A,172,54,486,6,1,0.8785395024717044
2024-05-04,B,33,58,270,9,1,0.8557096840388646
2024-05-04,C,74,113,218,12,1,0.7659416046469569
2024-05-04,D,101,87,894,6,0,0.9310474635271287
2024-05-04,E,171,66,233,7,0,0.7879925832341694
2024-05-05,A,42,84,618,4,1,0.8711948871642804
2024-05-05,B,52,146,583,13,1,0.9541182480951699
2024-05-05,C,169,104,875,1,1,0.7873432743355536
2024-05-05,D,54,115,158,4,1,0.9130406295394198
2024-05-05,E,166,127,325,12,1,0.7179149466912668
2024-05-06,A,181,119,615,10,1,0.7717476333346729
2024-05-06,B,65,125,533,11,1,0.7226815121850252
2024-05-06,C,26,88,189,12,1,0.968822533538372
2024-05-06,D,34,39,606,13,1,0.9944959971557343
2024-05-06,E,113,97,962,12,1,0.9429580562081759
2024-05-07,A,184,81,201,8,1,0.8616439027118857
2024-05-07,B,168,134,785,2,1,0.9791820414539611
2024-05-07,C,93,81,460,11,0,0.8246926560057717
2024-05-07,D,175,56,837,13,1,0.9886930608963352
2024-05-07,E,143,67,673,6,1,0.8640578922925378
2024-05-08,A,55,42,322,14,1,0.959188474220503
2024-05-08,B,17,73,592,11,1,0.7410997189161014
2024-05-08,C,84,106,149,11,1,0.897734129340858
2024-05-08,D,178,45,679,3,1,0.8220022209995749
2024-05-08,E,196,119,545,9,1,0.8376890438131895
2024-05-09,A,27,48,410,6,1,0.9943533510286884
2024-05-09,B,13,137,982,13,1,0.9831104778460662
2024-05-09,C,116,72,344,2,1,0.817838132742803
2024-05-09,D,115,37,577,4,1,0.8921845550646662
2024-05-09,E,48,110,286,4,1,0.9314880732935823
2024-05-10,A,95,73,236,5,0,0.8071088031910036
2024-05-10,B,165,71,354,11,0,0.9424237847067489
2024-05-10,C,113,95,666,8,1,0.7761463234470084
2024-05-10,D,164,122,550,12,1,0.7355507870794454
2024-05-10,E,18,83,859,7,1,0.9979765046268892
2024-05-11,A,169,118,704,7,1,0.8177374558688439
2024-05-11,B,126,123,774,3,1,0.8731367758114962
2024-05-11,C,26,47,784,4,1,0.872152376231354
2024-05-11,D,91,97,213,1,1,0.9754717260026311
2024-05-11,E,125,116,365,11,1,0.7116789889977002
2024-05-12,A,131,94,500,6,1,0.784743623193108
2024-05-12,B,77,98,355,11,1,0.8282505493984335
2024-05-12,C,85,55,982,3,1,0.82903086295894
2024-05-12,D,80,55,651,5,1,0.9341096509020645
2024-05-12,E,115,113,498,2,1,0.8773390909775549
2024-05-13,A,50,141,246,7,0,0.8908127406339905
2024-05-13,B,77,44,520,1,1,0.9432635743023755
2024-05-13,C,49,92,288,4,1,0.931336844755566
2024-05-13,D,13,96,389,9,1,0.7136209844406077
2024-05-13,E,125,52,976,5,1,0.8640101561670305
2024-05-14,A,178,86,608,9,0,0.8086528764396185
2024-05-14,B,66,39,779,7,1,0.7030271820067073
2024-05-14,C,12,80,441,4,1,0.7672880449855135
2024-05-14,D,173,140,268,5,1,0.8828893034970705
2024-05-14,E,39,91,968,9,1,0.78143157329026
2024-05-15,A,194,141,478,6,1,0.7661465304067319
2024-05-15,B,31,114,409,5,1,0.8142069043482597
2024-05-15,C,40,71,301,11,1,0.8552788903946565
2024-05-15,D,148,125,109,6,1,0.8804661637899472
2024-05-15,E,189,140,252,11,1,0.7307547892199423
2024-05-16,A,74,92,828,3,1,0.9798774587709016
2024-05-16,B,97,95,203,7,1,0.9762983563289728
2024-05-16,C,160,68,608,14,1,0.7092573712924217
2024-05-16,D,178,122,172,13,1,0.8995438582715216
2024-05-16,E,12,110,674,1,1,0.8686218383207713
2024-05-17,A,192,93,164,1,1,0.7489106010794773
2024-05-17,B,41,125,227,4,1,0.7075580241877688
2024-05-17,C,125,64,587,14,1,0.9910771329178171
2024-05-17,D,198,148,999,8,1,0.9451384426046755
2024-05-17,E,130,126,267,3,1,0.7926503272022022
2024-05-18,A,89,35,624,14,1,0.8189661045969889
2024-05-18,B,132,72,557,9,1,0.7929363577627297
2024-05-18,C,160,31,475,6,1,0.9390044191574117
2024-05-18,D,16,107,474,3,1,0.9945717094229617
2024-05-18,E,188,111,599,8,0,0.8646575995232068
2024-05-19,A,135,82,430,5,1,0.886387734714883
2024-05-19,B,106,34,668,12,1,0.7205059600929875
2024-05-19,C,68,62,417,2,1,0.9056331649665704
2024-05-19,D,132,95,658,7,1,0.8925203191895674
2024-05-19,E,191,36,690,7,1,0.825500159230684
2024-05-20,A,63,122,859,4,1,0.7828957325397561
2024-05-20,B,114,86,491,10,1,0.993131269915472
2024-05-20,C,75,35,669,5,1,0.8666486272317581
2024-05-20,D,91,119,567,9,1,0.8559112788683453
2024-05-20,E,80,32,877,2,1,0.7805601268202822
2024-05-21,A,133,53,685,6,1,0.8810911601678125
2024-05-21,B,48,120,768,6,0,0.8291124249072379
2024-05-21,C,157,137,502,4,0,0.8660137048380122
2024-05-21,D,62,63,934,6,1,0.9028078864157643
2024-05-21,E,105,77,425,9,1,0.7748573100514745
2024-05-22,A,11,58,551,1,1,0.834725423503284
2024-05-22,B,62,108,414,6,1,0.7020046387671663
2024-05-22,C,31,129,709,14,1,0.8224455072600094
2024-05-22,D,122,74,167,7,1,0.8350762738428671
2024-05-22,E,138,39,519,9,1,0.7565621817247753
2024-05-23,A,41,35,275,6,1,0.7024959826681576
2024-05-23,B,63,79,518,4,1,0.9743645991545676
2024-05-23,C,165,140,370,4,1,0.9170343453550003
2024-05-23,D,163,48,347,12,1,0.8913064740687806
2024-05-23,E,179,79,311,13,0,0.7597811009400403
2024-05-24,A,160,140,579,4,0,0.77451287811094
2024-05-24,B,119,98,398,2,0,0.8376821549790461
2024-05-24,C,71,87,260,11,1,0.8116601175475657
2024-05-24,D,147,111,649,3,1,0.7849914287274792
2024-05-24,E,183,32,969,1,1,0.9962978777023755
2024-05-25,A,17,80,593,10,1,0.7618652215252419
2024-05-25,B,116,118,394,1,1,0.974577155475347
2024-05-25,C,46,38,949,8,1,0.8234018399497431
2024-05-25,D,67,136,222,12,1,0.8498295309600505
2024-05-25,E,123,136,648,12,1,0.8500240354814748
2024-05-26,A,148,87,284,13,1,0.8507893727890391
2024-05-26,B,70,136,921,8,1,0.7316179654323415
2024-05-26,C,64,32,853,9,1,0.7478476787624074
2024-05-26,D,166,34,813,12,1,0.9645071835530524
2024-05-26,E,118,76,695,3,1,0.7867562338887849
2024-05-27,A,149,89,382,8,1,0.7764646746744647
2024-05-27,B,70,92,989,4,1,0.9484350487019029
2024-05-27,C,55,61,666,5,1,0.8063274846379165
2024-05-27,D,115,87,906,1,1,0.9710675330297591
2024-05-27,E,15,144,208,3,1,0.8564798188034074
2024-05-28,A,14,71,186,1,1,0.8385530443825331
2024-05-28,B,167,86,994,6,1,0.8377567701197686
2024-05-28,C,96,42,771,14,1,0.846812934691201
2024-05-28,D,54,46,346,8,1,0.8595667237022542
2024-05-28,E,117,47,705,6,1,0.8035689861009917
2024-05-29,A,135,136,515,10,1,0.7364486173263296
2024-05-29,B,124,65,773,9,1,0.793300748419804
2024-05-29,C,176,148,658,6,1,0.8007021499117178
2024-05-29,D,135,57,763,8,1,0.8244207480902412
2024-05-29,E,42,91,580,3,1,0.8235594221252488
2024-05-30,A,166,79,453,3,1,0.8726228161858445
2024-05-30,B,102,77,338,13,1,0.8487111250695673
2024-05-30,C,70,58,394,8,1,0.7618756341508457
2024-05-30,D,78,55,404,3,1,0.8523415191876337
2024-05-30,E,62,94,852,14,1,0.7207137718943799
2024-05-31,A,140,108,640,5,1,0.9143923824726172
2024-05-31,B,153,54,921,12,1,0.9257914882215508
2024-05-31,C,102,115,435,9,1,0.8000885187510597
2024-05-31,D,166,112,758,2,1,0.8453033278874525
2024-05-31,E,148,82,641,9,1,0.9705322085638686
2024-06-01,A,57,95,835,8,1,0.8168214816936625
2024-06-01,B,194,133,391,12,1,0.9945122027563424
2024-06-01,C,91,95,432,13,1,0.7694645307895146
2024-06-01,D,132,135,832,3,1,0.8051561602858485
2024-06-01,E,73,69,158,7,1,0.8392715559217675
2024-06-02,A,125,104,221,11,1,0.8137679611541346
2024-06-02,B,139,91,355,1,1,0.8895966041188567
2024-06-02,C,70,149,818,9,1,0.827821293287829
2024-06-02,D,67,130,467,13,1,0.9032420244470418
2024-06-02,E,108,130,310,12,1,0.7509643018152206
2024-06-03,A,18,121,541,1,1,0.8816235272522761
2024-06-03,B,30,93,957,4,1,0.8624939254650279
2024-06-03,C,71,71,943,10,1,0.9138333028650493
2024-06-03,D,25,37,715,11,1,0.8799313944911493
2024-06-03,E,139,123,833,12,1,0.9237260137228378
2024-06-04,A,89,110,829,2,1,0.8331577565263903
2024-06-04,B,32,47,417,1,1,0.9077076767383174
2024-06-04,C,175,96,321,13,1,0.7808535586876818
2024-06-04,D,165,50,477,14,1,0.8785909797782467
2024-06-04,E,31,103,536,4,1,0.9949916970455402
2024-06-05,A,93,130,439,12,1,0.7651692659359032
2024-06-05,B,174,92,633,6,1,0.9665392329768762
2024-06-05,C,88,34,927,8,1,0.9351317167051748
2024-06-05,D,65,139,798,8,1,0.9702882687071404
2024-06-05,E,113,106,329,2,1,0.7747026208327269
2024-06-06,A,191,67,787,11,1,0.7979917748277733
2024-06-06,B,40,120,579,13,1,0.999288489220647
2024-06-06,C,172,124,754,13,1,0.9883478247130495
2024-06-06,D,196,50,598,6,1,0.7938333967631062
2024-06-06,E,57,146,902,6,0,0.9293060159309282
2024-06-07,A,123,78,455,7,1,0.885857860010891
2024-06-07,B,108,32,307,5,1,0.8760809519676721
2024-06-07,C,34,97,672,13,1,0.8326881416353406
2024-06-07,D,83,90,764,4,1,0.9605232363824147
2024-06-07,E,148,139,794,12,1,0.7634907695709583
2024-06-08,A,60,50,879,2,1,0.941324217903242
2024-06-08,B,175,54,113,11,1,0.9498495705607227
2024-06-08,C,164,84,793,2,1,0.9775141526029043
2024-06-08,D,181,34,442,9,1,0.9922742962434268
2024-06-08,E,191,103,950,1,1,0.8797906348418313
2024-06-09,A,152,133,505,6,1,0.8358733210802832
2024-06-09,B,183,43,533,4,1,0.7074898666360171
2024-06-09,C,68,72,306,12,1,0.9057101628800932
2024-06-09,D,175,32,255,8,1,0.9644846919633993
2024-06-09,E,75,66,841,2,1,0.8749572412831292
2024-06-10,A,117,69,910,6,1,0.7199582824632565
2024-06-10,B,167,110,739,4,1,0.9648744449556167
2024-06-10,C,71,136,618,13,1,0.9050361332222526
2024-06-10,D,164,82,314,8,1,0.7375661678550494
2024-06-10,E,188,113,904,10,1,0.880911866515985
2024-06-11,A,66,37,306,5,0,0.8005837150234887
2024-06-11,B,62,148,367,1,1,0.9675679309769688
2024-06-11,C,166,48,593,11,1,0.8248654176536048
2024-06-11,D,67,63,862,4,0,0.982715036200683
2024-06-11,E,169,81,882,5,1,0.9955911496861857
2024-06-12,A,49,101,395,12,1,0.939487959162756
2024-06-12,B,119,93,192,14,0,0.9479855036507466
2024-06-12,C,37,78,519,13,1,0.9926119831439263
2024-06-12,D,35,115,615,2,1,0.959397676557442
2024-06-12,E,136,149,570,6,1,0.7907258533835609
2024-06-13,A,55,125,289,5,1,0.9341668080661641
2024-06-13,B,137,139,454,12,1,0.8463502955632037
2024-06-13,C,154,94,346,10,1,0.7170936180992105
2024-06-13,D,193,127,876,6,1,0.8722862725270633
2024-06-13,E,124,105,498,10,1,0.8614068116091709
2024-06-14,A,176,42,948,9,1,0.7047469515990462
2024-06-14,B,91,106,819,9,1,0.8449542589941005
2024-06-14,C,197,100,860,3,1,0.7369697727148974
2024-06-14,D,48,97,286,9,1,0.9709894043127132
2024-06-14,E,118,110,328,6,1,0.8737943399985814
2024-06-15,A,99,43,706,6,1,0.8657986803330244
2024-06-15,B,34,106,771,11,1,0.8712632250518428
2024-06-15,C,62,123,550,12,1,0.8219670351424312
2024-06-15,D,159,125,521,8,1,0.8113508548058594
2024-06-15,E,15,107,643,3,1,0.9681955615140883
2024-06-16,A,85,78,926,13,1,0.7525369420391059
2024-06-16,B,98,70,386,14,1,0.8565859010435691
2024-06-16,C,136,51,487,13,1,0.8800844381584111
2024-06-16,D,186,49,599,13,1,0.7796110334805926
2024-06-16,E,138,44,372,8,1,0.9762218951027906
2024-06-17,A,118,52,785,8,1,0.7714439960997088
2024-06-17,B,196,42,328,1,1,0.9107465024765407
2024-06-17,C,128,31,857,2,1,0.9112249813964017
2024-06-17,D,22,125,597,13,1,0.8427063454032876
2024-06-17,E,180,114,705,5,0,0.8939801331845986
2024-06-18,A,125,44,300,4,1,0.8503826933877188
2024-06-18,B,137,81,516,9,1,0.9517541184940895
2024-06-18,C,10,73,838,11,1,0.7712435670256772
2024-06-18,D,24,41,580,13,1,0.8824958500023314
2024-06-18,E,81,56,289,12,1,0.9404337328668861
2024-06-19,A,199,144,238,7,1,0.9318314258995237
2024-06-19,B,169,122,824,5,1,0.9782065541758892
2024-06-19,C,95,79,713,5,1,0.8293337215291015
2024-06-19,D,186,128,470,11,1,0.7996616712841964
2024-06-19,E,72,133,950,7,1,0.8834390833676983
2024-06-20,A,156,85,127,2,1,0.8798882705379764
2024-06-20,B,77,115,317,1,1,0.9890080961338114
2024-06-20,C,61,87,387,1,1,0.8868068622849392
2024-06-20,D,92,87,351,3,1,0.793948960548933
2024-06-20,E,37,30,309,8,1,0.9954537231901281
2024-06-21,A,123,33,591,11,0,0.7488372967618687
2024-06-21,B,85,60,571,7,1,0.8340143581775561
2024-06-21,C,43,96,349,8,1,0.8985740897911034
2024-06-21,D,35,49,459,10,1,0.7882800209911343
2024-06-21,E,195,56,563,1,0,0.7637341831586418
2024-06-22,A,190,73,381,2,1,0.8070306134869818
2024-06-22,B,149,116,231,7,1,0.7321171535662557
2024-06-22,C,98,95,769,3,1,0.8289872859339464
2024-06-22,D,186,145,825,5,1,0.8594364742567916
2024-06-22,E,47,44,349,14,1,0.8301531768565732
2024-06-23,A,30,117,988,10,1,0.970723909985831
2024-06-23,B,121,137,402,7,1,0.9794664742928443
2024-06-23,C,113,52,291,3,1,0.8681739427003146
2024-06-23,D,189,142,811,7,1,0.9339964980731633
2024-06-23,E,131,138,792,7,1,0.7276503875417296
2024-06-24,A,111,122,296,9,1,0.935050024253577
2024-06-24,B,113,89,918,14,1,0.766918618462827
2024-06-24,C,176,119,816,11,1,0.8683767034224772
2024-06-24,D,134,83,831,10,1,0.7095335453071973
2024-06-24,E,195,114,795,2,0,0.7158295773578808
2024-06-25,A,85,30,538,6,1,0.8841910918975697
2024-06-25,B,74,92,589,6,1,0.9235538486108843
2024-06-25,C,31,67,710,13,1,0.7474911700316843
2024-06-25,D,26,46,701,13,0,0.8400079362653224
2024-06-25,E,87,74,873,3,1,0.8142973821005199
2024-06-26,A,198,44,921,13,1,0.8377372069860043
2024-06-26,B,172,89,105,5,1,0.9051599355506029
2024-06-26,C,171,55,914,5,1,0.7749316487339559
2024-06-26,D,68,93,853,2,1,0.9784305506529359
2024-06-26,E,22,36,483,12,1,0.8838387506609531
2024-06-27,A,172,110,518,3,1,0.9044059039724046
2024-06-27,B,131,77,143,8,1,0.8314530149999065
2024-06-27,C,80,136,149,1,1,0.9250085236426574
2024-06-27,D,67,43,979,14,1,0.7470438115950416
2024-06-27,E,153,91,487,13,1,0.8554828529342939
2024-06-28,A,40,32,857,8,1,0.9194459079109347
2024-06-28,B,54,95,875,7,1,0.9749261633596199
2024-06-28,C,134,86,897,10,1,0.7129157208147006
2024-06-28,D,126,122,522,12,1,0.9680783759350394
2024-06-28,E,160,98,449,6,1,0.7711433397933133
2024-06-29,A,117,33,192,7,1,0.8301311698054052
2024-06-29,B,24,69,989,9,1,0.8719126601857047
2024-06-29,C,121,149,990,3,1,0.9138537987582864
2024-06-29,D,105,33,551,1,1,0.8037418295231274
2024-06-29,E,44,51,292,4,1,0.8858030362410734
2024-06-30,A,12,38,415,12,1,0.9064136671222386
2024-06-30,B,122,134,940,7,0,0.9661357951671096
2024-06-30,C,78,76,983,7,1,0.7480676802929519
2024-06-30,D,121,140,124,10,1,0.7252382986778149
2024-06-30,E,67,123,474,9,0,0.7478874704296501
2024-07-01,A,57,127,877,3,1,0.9490452948993754
2024-07-01,B,182,36,602,1,1,0.9605228571840803
2024-07-01,C,85,71,153,11,0,0.8721849598207031
2024-07-01,D,27,128,286,10,1,0.9344846437589197
2024-07-01,E,184,140,403,10,1,0.8193053243299164
2024-07-02,A,139,119,926,11,1,0.7814476007628134
2024-07-02,B,16,92,978,7,1,0.7151719311472686
2024-07-02,C,21,42,865,11,1,0.7672955676560579
2024-07-02,D,129,65,619,5,0,0.7579748245702504
2024-07-02,E,127,122,274,12,1,0.7839237903307212
2024-07-03,A,23,103,170,13,1,0.9277260797666915
2024-07-03,B,38,96,327,14,1,0.7648751584559587
2024-07-03,C,30,93,264,11,1,0.8642244521139177
2024-07-03,D,34,99,930,4,1,0.7376696735911754
2024-07-03,E,155,98,967,14,1,0.9091491076413941
2024-07-04,A,150,72,929,6,1,0.9658258326440549
2024-07-04,B,189,140,940,7,1,0.894431510360237
2024-07-04,C,125,140,434,9,1,0.8636746365376199
2024-07-04,D,59,111,616,4,1,0.860545700104105
2024-07-04,E,31,87,935,13,1,0.7090063996447216
2024-07-05,A,146,135,706,7,1,0.7507185335319149
2024-07-05,B,168,64,540,5,1,0.7868318564858463
2024-07-05,C,190,61,933,11,1,0.8282459362270803
2024-07-05,D,69,117,884,14,0,0.8288868591690532
2024-07-05,E,97,30,986,5,1,0.7048601192018401
2024-07-06,A,59,41,706,1,1,0.997588824171593
2024-07-06,B,74,76,280,10,1,0.8807409492110365
2024-07-06,C,13,137,630,10,1,0.727981434033451
2024-07-06,D,84,138,294,12,1,0.9668729854991477
2024-07-06,E,191,95,916,2,1,0.8287187107907997
2024-07-07,A,175,57,892,13,1,0.9829185692220914
2024-07-07,B,86,149,460,6,1,0.7179829902583924
2024-07-07,C,31,86,567,2,0,0.9202453777124938
2024-07-07,D,171,61,573,9,1,0.7995914514207536
2024-07-07,E,85,119,300,10,0,0.7775774773404351
2024-07-08,A,29,68,159,2,1,0.8644435608184066
2024-07-08,B,161,147,485,9,1,0.7151250320806627
2024-07-08,C,21,130,255,4,1,0.850083560562328
2024-07-08,D,147,139,945,5,1,0.8022875714306674
2024-07-08,E,137,87,431,6,1,0.9144156500506108
2024-07-09,A,173,51,305,13,1,0.9376573584405028
2024-07-09,B,170,74,263,4,1,0.7887472292489608
2024-07-09,C,118,45,798,5,1,0.8901134799296587
2024-07-09,D,149,45,436,13,1,0.7382108420343643
2024-07-09,E,55,61,626,12,1,0.8382009489500467
2024-07-10,A,53,127,872,13,1,0.8934708715877068
2024-07-10,B,132,107,946,11,0,0.9136411137641814
2024-07-10,C,26,121,182,14,0,0.8620898220284499
2024-07-10,D,177,42,350,4,1,0.8543383983219682
2024-07-10,E,79,54,706,6,1,0.9966506594167494
2024-07-11,A,98,101,346,1,1,0.7289934502863257
2024-07-11,B,84,68,665,8,1,0.7262949508583959
2024-07-11,C,25,128,631,14,1,0.7960081949687176
2024-07-11,D,190,140,228,1,1,0.957866919075381
2024-07-11,E,17,58,211,3,1,0.9215517635531556
2024-07-12,A,117,105,311,13,1,0.9412287008900778
2024-07-12,B,28,131,784,11,1,0.7077068934608224
2024-07-12,C,95,121,151,5,1,0.7697623994862565
2024-07-12,D,51,119,851,3,1,0.8756691186379906
2024-07-12,E,165,38,119,8,0,0.7316450282383107
2024-07-13,A,21,108,538,14,0,0.7886995117814857
2024-07-13,B,20,67,709,11,1,0.8197500383533058
2024-07-13,C,125,131,468,10,1,0.9931095029635528
2024-07-13,D,81,88,151,6,1,0.7223915293238286
2024-07-13,E,112,90,423,9,1,0.9311341663221969
2024-07-14,A,149,72,662,5,1,0.9197165339792664
2024-07-14,B,130,42,700,13,1,0.7994056656208951
2024-07-14,C,127,33,174,1,1,0.7921716885543161
2024-07-14,D,101,83,314,13,1,0.8753629339778375
2024-07-14,E,120,86,637,9,0,0.8017915801928702
2024-07-15,A,173,43,433,3,1,0.9993248167030602
2024-07-15,B,167,145,192,13,1,0.9649820804278672
2024-07-15,C,188,131,717,11,1,0.832610026279337
2024-07-15,D,175,93,186,9,1,0.8946296158478158
2024-07-15,E,178,103,749,9,1,0.874520994226356
2024-07-16,A,61,62,612,12,1,0.7487982445316455
2024-07-16,B,154,33,526,6,0,0.8657098413451703
2024-07-16,C,187,102,288,3,1,0.7762783694334593
2024-07-16,D,45,79,855,11,1,0.8778312822610554
2024-07-16,E,130,47,255,12,1,0.8675056945192341
2024-07-17,A,196,60,359,5,0,0.9818705767075497
2024-07-17,B,185,68,588,4,1,0.7945031117130195
2024-07-17,C,75,137,367,14,1,0.7920916846627054
2024-07-17,D,10,87,957,7,1,0.8182408140347884
2024-07-17,E,53,101,763,6,1,0.8267968101366875
2024-07-18,A,110,59,860,10,1,0.9429025108797668
2024-07-18,B,127,123,254,7,1,0.7258396417191041
2024-07-18,C,38,62,846,14,1,0.8831132485954982
2024-07-18,D,126,73,373,3,1,0.8377994322401628
2024-07-18,E,175,66,285,1,1,0.759066361532705
2024-07-19,A,20,97,990,2,1,0.8510640944535658
2024-07-19,B,31,95,271,6,1,0.8336159577933616
2024-07-19,C,94,84,862,14,1,0.8245374818604163
2024-07-19,D,188,148,532,9,0,0.9458828659197399
2024-07-19,E,51,82,579,11,1,0.8999565930079104
2024-07-20,A,24,100,222,3,1,0.760688184747461
2024-07-20,B,44,35,495,6,1,0.8449882854898976
2024-07-20,C,145,37,221,4,1,0.702200245250854
2024-07-20,D,54,37,954,13,1,0.7605525506091274
2024-07-20,E,87,106,426,7,0,0.755583055100062
2024-07-21,A,161,142,527,1,1,0.8767643843043567
2024-07-21,B,193,142,405,12,1,0.9389453167988743
2024-07-21,C,121,107,519,9,0,0.9072178945339789
2024-07-21,D,180,54,629,14,1,0.8664195409847063
2024-07-21,E,155,88,543,9,0,0.7993439467492449
2024-07-22,A,169,140,236,8,1,0.873885729168441
2024-07-22,B,77,75,348,2,0,0.9903408212945455
2024-07-22,C,15,109,891,7,1,0.771077198169017
2024-07-22,D,34,49,217,2,1,0.9032637415551328
2024-07-22,E,54,143,274,12,0,0.7841802439713748
2024-07-23,A,192,104,246,3,1,0.9061886687747552
2024-07-23,B,23,147,656,12,1,0.8892152333475788
2024-07-23,C,180,148,825,7,0,0.7584320493061677
2024-07-23,D,85,84,831,12,1,0.8116360645725096
2024-07-23,E,37,81,352,14,0,0.9076151659119235
2024-07-24,A,107,128,267,6,1,0.8558835027409022
2024-07-24,B,63,51,627,12,1,0.8188002899156845
2024-07-24,C,55,101,335,7,1,0.9638804490135287
2024-07-24,D,94,54,588,1,1,0.7908489666936226
2024-07-24,E,96,72,974,7,1,0.9815994439880117
2024-07-25,A,155,116,562,1,1,0.7596442182812209
2024-07-25,B,100,74,565,8,1,0.7075597284463209
2024-07-25,C,179,36,149,4,1,0.7991683006918873
2024-07-25,D,118,86,898,5,1,0.8830323766108704
2024-07-25,E,86,78,442,4,1,0.8257298418751255
2024-07-26,A,154,57,636,10,0,0.8488717665702441
2024-07-26,B,47,35,174,14,1,0.7385789457881657
2024-07-26,C,126,128,324,8,0,0.9143242304411493
2024-07-26,D,125,117,848,3,1,0.7588882906933201
2024-07-26,E,182,78,607,14,1,0.9671975366385527
2024-07-27,A,156,52,822,9,1,0.9739124400669568
2024-07-27,B,138,71,580,2,1,0.9372073305700503
2024-07-27,C,155,63,444,13,1,0.8768960485454643
2024-07-27,D,79,125,972,11,0,0.7515488381072974
2024-07-27,E,39,145,373,12,0,0.8081126477089512
2024-07-28,A,24,33,290,8,1,0.939596734106991
2024-07-28,B,141,110,371,3,1,0.9121045882817772
2024-07-28,C,14,49,178,2,1,0.9448237127030054
2024-07-28,D,13,71,720,10,1,0.7398784128123947
2024-07-28,E,76,141,290,14,0,0.7412889203195083
2024-07-29,A,20,128,584,13,0,0.7628367308528533
2024-07-29,B,150,41,648,10,1,0.7120866837203625
2024-07-29,C,139,147,923,12,1,0.9929683069968713
2024-07-29,D,94,52,768,14,1,0.9658864649367153
2024-07-29,E,98,60,533,4,1,0.7392151970769272
2024-07-30,A,139,54,112,10,1,0.7620453679400189
2024-07-30,B,79,96,797,3,1,0.8935655727533992
2024-07-30,C,78,112,825,11,0,0.8570221555202415
2024-07-30,D,71,45,483,8,1,0.9385174052818394
2024-07-30,E,192,64,282,14,1,0.9868875644540084
2024-07-31,A,16,59,566,1,0,0.8458520962314648
2024-07-31,B,188,101,821,12,1,0.8456940596002831
2024-07-31,C,26,92,272,13,1,0.9355250971719271
2024-07-31,D,45,54,617,8,0,0.9559987649676364
2024-07-31,E,135,54,538,1,1,0.7693839784947866
2024-08-01,A,136,144,993,2,0,0.7531381432594761
2024-08-01,B,198,107,701,5,1,0.7706868553574945
2024-08-01,C,68,101,278,4,1,0.9349646363970037
2024-08-01,D,80,38,720,1,1,0.7245897203930987
2024-08-01,E,44,32,857,13,0,0.9152394971835737
2024-08-02,A,181,116,652,11,1,0.8646728894920215
2024-08-02,B,187,92,583,5,1,0.881293894672096
2024-08-02,C,185,34,659,3,1,0.7316204132189387
2024-08-02,D,125,43,546,13,1,0.7425982778056254
2024-08-02,E,133,53,727,7,1,0.7918902990662612
2024-08-03,A,88,108,681,11,1,0.8894127932930129
2024-08-03,B,17,108,486,14,1,0.7894817362702368
2024-08-03,C,105,90,355,14,1,0.7664551816339317
2024-08-03,D,43,91,178,12,1,0.7514789101195569
2024-08-03,E,91,147,576,7,1,0.8523273514565706
2024-08-04,A,47,43,491,11,1,0.7220092202378807
2024-08-04,B,98,85,193,13,1,0.8232127736174998
2024-08-04,C,31,64,584,2,1,0.8256909321338572
2024-08-04,D,26,109,541,7,1,0.8538624226915803
2024-08-04,E,103,35,692,7,1,0.7778809851125436
2024-08-05,A,25,80,716,5,1,0.8256085429983052
2024-08-05,B,194,95,364,11,1,0.9531638233692787
2024-08-05,C,31,63,538,13,1,0.7202814248417149
2024-08-05,D,27,100,994,1,1,0.7923108440169532
2024-08-05,E,134,111,382,11,1,0.9133002885849434
2024-08-06,A,115,134,538,4,1,0.7324086872474738
2024-08-06,B,43,116,981,10,1,0.887399192285115
2024-08-06,C,193,47,793,13,1,0.9059541829129757
2024-08-06,D,198,71,178,2,1,0.702973208647346
2024-08-06,E,107,87,807,3,1,0.7962173573379873
2024-08-07,A,16,69,681,6,1,0.9659507579925708
2024-08-07,B,58,81,981,11,1,0.8603982769226571
2024-08-07,C,18,76,943,10,1,0.9456607811561415
2024-08-07,D,137,49,510,6,1,0.9854190585937318
2024-08-07,E,122,53,483,7,1,0.8666648709656859
2024-08-08,A,192,89,710,14,1,0.9627714774999684
2024-08-08,B,135,58,598,9,1,0.9519993281813031
2024-08-08,C,167,141,501,7,1,0.7943886726805596
2024-08-08,D,119,85,377,3,1,0.7371538080117452
2024-08-08,E,181,127,902,2,1,0.9463750463679113
2024-08-09,A,174,94,278,1,1,0.9578936036057819
2024-08-09,B,132,90,153,8,1,0.7346675130041895
2024-08-09,C,109,103,803,11,0,0.9408943903927312
2024-08-09,D,144,73,792,7,1,0.9635247589134885
2024-08-09,E,87,45,426,3,1,0.7582820713005404
2024-08-10,A,90,130,751,6,1,0.8233612201635562
2024-08-10,B,138,83,850,5,1,0.937938561388917
2024-08-10,C,143,74,196,7,1,0.7629692888758691
2024-08-10,D,88,73,126,10,1,0.9098789599070585
2024-08-10,E,64,93,318,9,1,0.8511065827984716
2024-08-11,A,131,126,947,7,1,0.8433226379198607
2024-08-11,B,166,55,646,3,1,0.7438063057890887
2024-08-11,C,178,70,762,7,1,0.8876300350499781
2024-08-11,D,91,72,716,1,1,0.901421821793121
2024-08-11,E,15,132,109,7,1,0.9066431510769961
2024-08-12,A,158,89,308,1,1,0.7712449915508152
2024-08-12,B,179,80,815,8,1,0.8578247555252209
2024-08-12,C,71,56,383,1,1,0.8413924823722363
2024-08-12,D,195,31,738,4,1,0.8239322193181432
2024-08-12,E,98,116,543,6,0,0.8727357588323235
2024-08-13,A,83,54,200,11,0,0.7606448197675811
2024-08-13,B,97,69,465,8,1,0.7694797074291696
2024-08-13,C,66,31,451,9,1,0.9436978540741184
2024-08-13,D,77,110,372,5,1,0.8744692613313966
2024-08-13,E,195,104,440,5,1,0.7847103757127969
2024-08-14,A,83,138,373,10,1,0.9749467453346543
2024-08-14,B,91,46,172,14,1,0.8016470447268422
2024-08-14,C,91,49,475,8,1,0.7163535782313478
2024-08-14,D,88,56,882,12,1,0.9231715561906456
2024-08-14,E,189,55,828,10,1,0.9884652196412699
2024-08-15,A,91,125,792,3,1,0.9728645419036415
2024-08-15,B,26,137,687,1,1,0.9175333479799949
2024-08-15,C,58,84,765,3,1,0.9373852877490051
2024-08-15,D,127,36,145,14,1,0.7123204518371216
2024-08-15,E,63,91,228,1,0,0.7187520824531232
2024-08-16,A,153,87,299,13,1,0.8857612951876465
2024-08-16,B,157,109,170,9,1,0.7338529561550864
2024-08-16,C,87,100,260,10,0,0.8141445656479107
2024-08-16,D,189,97,864,10,1,0.8281315136081029
2024-08-16,E,39,78,239,10,1,0.9121836735717002
2024-08-17,A,135,127,847,10,1,0.828629287334405
2024-08-17,B,177,95,845,9,1,0.8000982671901078
2024-08-17,C,90,77,479,2,1,0.9184349312008498
2024-08-17,D,140,84,367,8,1,0.9926231103054235
2024-08-17,E,25,112,773,12,1,0.7205322127727878
2024-08-18,A,109,51,117,12,1,0.8842399528562555
2024-08-18,B,126,80,170,3,1,0.9608949054436514
2024-08-18,C,116,130,915,7,1,0.7545452958512016
2024-08-18,D,140,98,634,5,1,0.8905970040124963
2024-08-18,E,102,99,628,10,0,0.7966202605587189
2024-08-19,A,20,67,939,10,1,0.8306188970199254
2024-08-19,B,23,148,113,10,1,0.8582763919816497
2024-08-19,C,43,70,621,10,1,0.9375673971387187
2024-08-19,D,124,30,879,7,1,0.7498765991049101
2024-08-19,E,115,114,313,9,1,0.9182893413099066
2024-08-20,A,139,41,180,10,1,0.7576070107409033
2024-08-20,B,60,40,546,9,1,0.8469357603964722
2024-08-20,C,17,40,735,5,1,0.9439442965503955
2024-08-20,D,121,37,903,13,1,0.8520057372562008
2024-08-20,E,191,143,953,5,1,0.7209158277501188
2024-08-21,A,29,117,954,7,1,0.9174088762785473
2024-08-21,B,47,147,800,12,1,0.9556637173605022
2024-08-21,C,199,35,756,3,1,0.8455053962572123
2024-08-21,D,19,149,811,5,1,0.8842558732957034
2024-08-21,E,135,68,900,11,1,0.9250459688294538
2024-08-22,A,105,105,915,10,1,0.8514734353750417
2024-08-22,B,189,71,643,10,1,0.735763132852172
2024-08-22,C,66,81,331,14,1,0.9157226861532435
2024-08-22,D,42,114,357,2,1,0.8179784455297645
2024-08-22,E,93,64,534,2,1,0.8961360253373385
2024-08-23,A,97,101,992,14,1,0.7298484006618894
2024-08-23,B,189,78,238,2,1,0.9595213298126182
2024-08-23,C,184,42,907,9,1,0.8892311260517862
2024-08-23,D,103,48,378,11,1,0.7954118835083559
2024-08-23,E,33,63,920,9,1,0.9738402401223585
2024-08-24,A,14,55,513,6,1,0.8029826467193345
2024-08-24,B,99,133,990,10,1,0.7298739140620086
2024-08-24,C,117,57,693,13,1,0.9084755139344523
2024-08-24,D,136,130,381,10,1,0.7378345967126231
2024-08-24,E,177,89,428,5,1,0.7575866316987176
2024-08-25,A,61,106,268,5,1,0.9534912560920304
2024-08-25,B,136,36,139,12,1,0.7902898958894865
2024-08-25,C,94,99,676,4,1,0.8849865934495825
2024-08-25,D,174,52,320,5,1,0.7443875002328217
2024-08-25,E,177,106,762,11,1,0.9307183399479173
2024-08-26,A,77,133,435,5,1,0.7026331635843788
2024-08-26,B,99,130,355,1,0,0.8615089306303069
2024-08-26,C,191,145,793,12,1,0.7401086963198308
2024-08-26,D,119,127,944,7,1,0.902985170065752
2024-08-26,E,87,104,141,6,1,0.7996517566185197
2024-08-27,A,65,134,299,5,1,0.7614407227168628
2024-08-27,B,130,44,777,5,1,0.7726771472754301
2024-08-27,C,19,41,103,2,0,0.8016439064814544
2024-08-27,D,107,65,200,3,1,0.9551512684985791
2024-08-27,E,180,64,609,9,1,0.9268576702320341
2024-08-28,A,13,122,524,13,1,0.7875080352164758
2024-08-28,B,89,105,727,5,1,0.8108062390268297
2024-08-28,C,105,119,884,11,0,0.8749921744552613
2024-08-28,D,179,147,189,1,1,0.9386980691984326
2024-08-28,E,141,78,158,9,1,0.7769239083096825
2024-08-29,A,58,117,843,7,1,0.8523846075719225
2024-08-29,B,120,69,659,3,1,0.9570506049169529
2024-08-29,C,186,119,179,9,1,0.959309879936792
2024-08-29,D,167,65,806,6,1,0.9590923157251469
2024-08-29,E,133,78,687,7,0,0.9180630718419315
2024-08-30,A,53,60,797,7,1,0.7186615274577073
2024-08-30,B,160,57,627,5,1,0.8508250574828837
2024-08-30,C,46,106,502,14,1,0.7527016299867731
2024-08-30,D,173,129,567,4,1,0.7604218927640056
2024-08-30,E,181,146,679,11,1,0.8029080137770073
2024-08-31,A,19,125,141,9,1,0.9673420275380528
2024-08-31,B,147,39,457,11,1,0.7150526050959921
2024-08-31,C,145,94,703,1,1,0.7552904190850297
2024-08-31,D,58,38,244,5,0,0.7566382083320333
2024-08-31,E,61,90,395,6,1,0.7870765316117588
2024-09-01,A,59,62,752,14,1,0.870529586299151
2024-09-01,B,52,78,903,10,1,0.8528969352411282
2024-09-01,C,66,30,170,10,1,0.9836114948844333
2024-09-01,D,89,85,337,7,0,0.8641914232344052
2024-09-01,E,34,57,616,8,1,0.7972986637410899
2024-09-02,A,66,122,118,1,1,0.7164898920519466
2024-09-02,B,30,128,844,8,1,0.8318688825318695
2024-09-02,C,64,113,535,12,0,0.7909659351532752
2024-09-02,D,192,141,297,3,1,0.8041576502686636
2024-09-02,E,90,95,374,3,1,0.8710544895264082
2024-09-03,A,51,71,414,4,1,0.7072123712099313
2024-09-03,B,11,92,673,4,1,0.763942635794181
2024-09-03,C,126,147,862,7,1,0.8216935778341712
2024-09-03,D,182,33,808,14,1,0.880973626805209
2024-09-03,E,60,53,113,5,1,0.9970855511754824
2024-09-04,A,21,111,628,14,1,0.7511387534744925
2024-09-04,B,138,108,387,12,1,0.7097167413327985
2024-09-04,C,197,64,825,11,1,0.9429936231050418
2024-09-04,D,74,114,532,13,1,0.7782547737886266
2024-09-04,E,68,125,202,12,1,0.9534392743564438
2024-09-05,A,169,56,831,2,1,0.9617559855488087
2024-09-05,B,91,73,683,6,1,0.8979980350405952
2024-09-05,C,173,47,607,6,1,0.874364643246815
2024-09-05,D,188,64,693,5,1,0.9070369353046024
2024-09-05,E,176,113,508,12,1,0.8578282039754626
2024-09-06,A,159,60,378,4,1,0.7319235288708533
2024-09-06,B,97,118,100,7,1,0.847305928800673
2024-09-06,C,142,137,277,10,1,0.9924712818430704
2024-09-06,D,155,95,685,14,1,0.9358994966185121
2024-09-06,E,80,91,908,3,1,0.7265735018909932
2024-09-07,A,128,63,809,2,1,0.9218743531665228
2024-09-07,B,135,63,655,14,1,0.8252174872018301
2024-09-07,C,169,96,614,6,1,0.7357063913479422
2024-09-07,D,85,122,787,1,1,0.8634403255828295
2024-09-07,E,13,39,330,8,1,0.7640628563471024
2024-09-08,A,78,125,830,13,1,0.8172752280523486
2024-09-08,B,13,53,582,3,1,0.7909848818213581
2024-09-08,C,185,83,902,8,1,0.9333183730203379
2024-09-08,D,77,75,945,13,1,0.9061703030382049
2024-09-08,E,108,110,869,9,1,0.7677518896670176
2024-09-09,A,101,72,573,6,1,0.9434881043334561
2024-09-09,B,197,87,495,8,1,0.9555371015981625
2024-09-09,C,22,70,924,5,1,0.8594437738845463
2024-09-09,D,106,86,139,6,1,0.7823997609363716
2024-09-09,E,12,149,616,10,1,0.9667001832443998
2024-09-10,A,193,39,973,4,1,0.7153496519336427
2024-09-10,B,84,138,938,13,1,0.7545290793283582
2024-09-10,C,169,49,540,2,1,0.8391956252321142
2024-09-10,D,48,46,656,11,1,0.7912371548404108
2024-09-10,E,79,67,741,6,1,0.8315947055307953
2024-09-11,A,122,122,683,5,1,0.779667279403724
2024-09-11,B,123,140,232,7,1,0.7255805024835031
2024-09-11,C,46,123,854,10,1,0.8296031676791088
2024-09-11,D,53,111,186,1,1,0.8755105506155986
2024-09-11,E,107,57,613,14,1,0.7801432209611948
2024-09-12,A,78,148,191,5,1,0.9226896270201833
2024-09-12,B,198,120,961,10,1,0.7659585869106931
2024-09-12,C,16,71,658,5,1,0.8160089349962386
2024-09-12,D,62,44,323,10,1,0.8716515885351309
2024-09-12,E,73,122,281,13,1,0.8310273453541225
2024-09-13,A,135,32,163,13,1,0.7073933213908967
2024-09-13,B,195,104,510,1,1,0.9923317931915426
2024-09-13,C,55,95,702,4,1,0.8938929800972144
2024-09-13,D,108,64,770,12,1,0.9735455708618341
2024-09-13,E,93,96,802,3,0,0.7192715727571377
2024-09-14,A,78,38,357,2,1,0.9785666598682408
2024-09-14,B,19,143,175,4,1,0.719816592346648
2024-09-14,C,79,141,788,3,1,0.8065851922710767
2024-09-14,D,198,114,445,6,1,0.717128301372383
2024-09-14,E,14,44,222,1,0,0.7419077117808816
2024-09-15,A,56,124,624,8,1,0.8481937447420563
2024-09-15,B,75,83,254,6,1,0.8718281598865261
2024-09-15,C,111,75,316,11,1,0.8338447769371509
2024-09-15,D,73,131,632,8,1,0.9461522512696328
2024-09-15,E,29,37,157,14,1,0.8027185369887578
2024-09-16,A,18,44,705,10,1,0.9182357173858361
2024-09-16,B,45,113,464,6,1,0.9843388198043371
2024-09-16,C,178,133,192,6,0,0.8718310830060837
2024-09-16,D,23,146,324,9,1,0.8789039492490328
2024-09-16,E,99,58,916,11,1,0.9146862150915357
2024-09-17,A,142,71,746,10,1,0.7378330425035875
2024-09-17,B,55,95,636,9,1,0.9888197751583417
2024-09-17,C,83,71,764,6,1,0.8806768907131771
2024-09-17,D,67,99,664,2,0,0.8981164757187476
2024-09-17,E,11,105,761,5,1,0.9850921041208544
2024-09-18,A,74,94,308,11,1,0.710027071730651
2024-09-18,B,114,140,870,14,1,0.7653186699048801
2024-09-18,C,54,55,944,1,0,0.9763431640542526
2024-09-18,D,33,57,583,8,1,0.8937783679069118
2024-09-18,E,191,108,370,9,1,0.949808123904826
2024-09-19,A,124,97,398,5,1,0.9952268391899542
2024-09-19,B,112,70,277,7,1,0.837341479767762
2024-09-19,C,16,78,637,1,1,0.8969688107198956
2024-09-19,D,136,100,743,4,1,0.9837145325323073
2024-09-19,E,37,106,100,12,1,0.7911205138675298
2024-09-20,A,63,65,538,9,1,0.8539781513711326
2024-09-20,B,78,80,633,8,1,0.7591548945904198
2024-09-20,C,190,129,775,4,1,0.9464413758328573
2024-09-20,D,187,109,780,2,1,0.9031372790447691
2024-09-20,E,137,73,714,7,1,0.7516592438270899
2024-09-21,A,26,109,287,3,1,0.9974873028883684
2024-09-21,B,110,31,855,14,1,0.9056955247795598
2024-09-21,C,195,132,594,3,1,0.7321087402633114
2024-09-21,D,132,130,693,4,1,0.8290428196290479
2024-09-21,E,21,128,488,1,0,0.8347823640869949
2024-09-22,A,180,110,168,13,1,0.8872340260136963
2024-09-22,B,109,47,108,14,1,0.8899536024687317
2024-09-22,C,162,44,489,8,1,0.9041681998416513
2024-09-22,D,13,111,853,9,0,0.9694439334460302
2024-09-22,E,84,43,998,3,1,0.7521882663088676
2024-09-23,A,111,74,973,2,1,0.7532054084979228
2024-09-23,B,121,118,412,6,0,0.8241118095730091
2024-09-23,C,106,121,151,5,0,0.9310063685367486
2024-09-23,D,142,147,680,13,1,0.7491186873637512
2024-09-23,E,135,96,641,2,1,0.9447867368245619
2024-09-24,A,194,59,485,14,1,0.8543685371044895
2024-09-24,B,188,42,842,12,1,0.716304429504597
2024-09-24,C,139,90,857,9,1,0.918243123398949
2024-09-24,D,56,31,451,2,1,0.8449403936696498
2024-09-24,E,115,73,429,8,1,0.8083648176927435
2024-09-25,A,39,100,866,6,1,0.7899622805332195
2024-09-25,B,12,55,412,14,1,0.8034309300699622
2024-09-25,C,197,87,916,10,1,0.9144858470655332
2024-09-25,D,20,132,453,10,1,0.8880311558251666
2024-09-25,E,189,75,655,6,1,0.834903093155116
2024-09-26,A,134,59,363,2,1,0.9879237164385908
2024-09-26,B,29,133,380,3,1,0.9287083641121519
2024-09-26,C,81,112,826,11,0,0.8759805212213682
2024-09-26,D,199,112,995,2,0,0.8268059858972276
2024-09-26,E,178,62,328,3,1,0.9946768182809844
2024-09-27,A,144,55,963,12,1,0.8320540986091579
2024-09-27,B,126,98,788,10,1,0.9216791366048417
2024-09-27,C,165,62,718,7,0,0.910343265989996
2024-09-27,D,126,59,893,13,1,0.8440550545785663
2024-09-27,E,175,31,468,6,1,0.8353390209393524
2024-09-28,A,155,56,524,8,1,0.7245039294599062
2024-09-28,B,199,58,285,6,1,0.8389598308926761
2024-09-28,C,35,68,751,3,1,0.9696003104657992
2024-09-28,D,185,100,203,2,1,0.8376115347002614
2024-09-28,E,147,146,794,11,0,0.8404901774369156
2024-09-29,A,162,42,325,3,1,0.737569007688624
2024-09-29,B,140,135,731,11,1,0.7856212205390267
2024-09-29,C,156,96,309,7,1,0.9886638730347834
2024-09-29,D,76,40,220,14,1,0.9918532475980067
2024-09-29,E,101,92,128,2,1,0.8527473896687807
2024-09-30,A,46,74,819,8,1,0.9197838097721196
2024-09-30,B,67,75,128,3,1,0.7124679544816775
2024-09-30,C,104,71,398,10,1,0.9107216097598606
2024-09-30,D,11,53,314,2,1,0.9476319687245887
2024-09-30,E,35,58,294,10,1,0.8848872245062434
2024-10-01,A,74,82,422,6,1,0.8106175466412537
2024-10-01,B,96,50,860,1,1,0.9841458808019065
2024-10-01,C,53,129,639,13,1,0.9067544231282549
2024-10-01,D,140,105,330,12,1,0.8626081208999139
2024-10-01,E,167,98,492,5,1,0.7149580439197493
2024-10-02,A,168,62,522,14,1,0.9948580353566261
2024-10-02,B,197,60,622,7,1,0.9104090680931324
2024-10-02,C,36,128,101,7,1,0.8025023721455362
2024-10-02,D,189,74,440,13,1,0.9454436743383404
2024-10-02,E,157,143,636,2,1,0.7630575906156539
2024-10-03,A,178,96,836,1,1,0.9617183690064445
2024-10-03,B,149,77,924,3,1,0.9287602113326604
2024-10-03,C,31,132,304,9,1,0.9453466220698572
2024-10-03,D,62,113,514,5,1,0.9260426816339442
2024-10-03,E,187,113,607,2,1,0.7890687022804128
2024-10-04,A,48,118,355,14,1,0.962429818766198
2024-10-04,B,146,133,597,7,1,0.8869413561243475
2024-10-04,C,24,65,930,5,1,0.9140980849336461
2024-10-04,D,33,111,404,2,1,0.8780725763242894
2024-10-04,E,69,84,627,3,1,0.9101043666599709
2024-10-05,A,160,146,881,1,0,0.7575013956490823
2024-10-05,B,32,86,285,14,1,0.8753187764768372
2024-10-05,C,190,132,539,13,1,0.8015833687337898
2024-10-05,D,42,132,587,2,1,0.980362073686558
2024-10-05,E,191,46,630,11,1,0.8813722330774726
2024-10-06,A,43,113,807,10,1,0.9847843515267951
2024-10-06,B,100,45,317,13,1,0.7921263230080746
2024-10-06,C,89,36,371,3,1,0.8655137116059901
2024-10-06,D,21,64,852,5,1,0.8132045431690934
2024-10-06,E,26,61,908,6,1,0.9278560446150832
2024-10-07,A,75,38,703,5,0,0.8256798933951838
2024-10-07,B,112,126,666,1,1,0.975123033840944
2024-10-07,C,184,108,336,10,1,0.904997908788319
2024-10-07,D,55,60,414,13,1,0.7535559367817796
2024-10-07,E,173,87,595,8,1,0.9929468983443661
2024-10-08,A,34,88,387,4,1,0.7809227397621301
2024-10-08,B,35,38,607,3,1,0.779514186222785
2024-10-08,C,115,115,566,14,1,0.701175512485328
2024-10-08,D,20,60,532,7,1,0.790020124871632
2024-10-08,E,149,44,514,11,1,0.9268930290940882
2024-10-09,A,123,136,463,2,1,0.8915050195392192
2024-10-09,B,59,67,890,11,1,0.8399123783513646
2024-10-09,C,132,37,512,11,1,0.7504354292793175
2024-10-09,D,59,43,217,10,1,0.9838560681973784
2024-10-09,E,117,105,934,5,1,0.8516061004713478
2024-10-10,A,84,68,892,5,1,0.998685717886812
2024-10-10,B,57,115,248,12,1,0.7047555526695628
2024-10-10,C,160,42,168,4,0,0.8350192511247274
2024-10-10,D,130,144,518,5,1,0.7907869548786265
2024-10-10,E,90,72,194,2,1,0.7030031231677409
2024-10-11,A,149,129,111,13,1,0.9169171376380989
2024-10-11,B,166,110,579,7,1,0.8168548077836226
2024-10-11,C,167,110,515,14,1,0.7269466388276814
2024-10-11,D,36,111,955,5,1,0.7597033883245564
2024-10-11,E,177,76,814,6,1,0.7730327850296231
2024-10-12,A,53,105,412,11,0,0.9109840162126751
2024-10-12,B,160,114,773,11,1,0.7271256933374982
2024-10-12,C,102,71,895,11,1,0.8206781241050626
2024-10-12,D,33,37,717,6,1,0.8202910980065055
2024-10-12,E,109,34,404,2,1,0.8099653562137679
2024-10-13,A,184,55,540,5,1,0.912168498500627
2024-10-13,B,101,68,289,7,1,0.8884619791279131
2024-10-13,C,141,135,463,9,1,0.9734025448649226
2024-10-13,D,76,137,834,10,1,0.7477477251981489
2024-10-13,E,133,40,971,3,1,0.8997492482955587
2024-10-14,A,119,63,973,3,1,0.9270780535381041
2024-10-14,B,50,77,272,10,0,0.7274278806585127
2024-10-14,C,34,48,138,7,1,0.7983241677688384
2024-10-14,D,83,92,423,3,0,0.97528020887857
2024-10-14,E,132,140,817,1,1,0.8418971781094458
2024-10-15,A,31,32,968,9,1,0.9709083620478435
2024-10-15,B,63,35,718,11,1,0.8914673245121835
2024-10-15,C,11,102,466,2,1,0.9506620673631122
2024-10-15,D,192,101,968,6,1,0.9531041588994933
2024-10-15,E,136,133,848,3,1,0.7187332824921772
2024-10-16,A,42,69,899,5,1,0.8606394848970862
2024-10-16,B,51,127,236,8,1,0.9893296538703942
2024-10-16,C,190,83,695,2,1,0.8050559572995883
2024-10-16,D,192,75,251,2,1,0.9348770842772717
2024-10-16,E,17,68,334,3,1,0.8147089993184884
2024-10-17,A,63,66,318,12,1,0.8577839730704379
2024-10-17,B,136,46,260,14,1,0.7808318338910964
2024-10-17,C,18,62,543,1,1,0.8731560028669927
2024-10-17,D,94,98,877,6,1,0.8528526619672605
2024-10-17,E,74,49,924,14,1,0.9006012654693679
2024-10-18,A,148,41,788,1,1,0.815910441141042
2024-10-18,B,173,68,152,10,0,0.7377117719536347
2024-10-18,C,138,85,217,4,1,0.8994453972148813
2024-10-18,D,44,106,279,6,1,0.8253125700918927
2024-10-18,E,89,36,121,13,1,0.8788775725698106
2024-10-19,A,102,93,202,12,0,0.7446426143554528
2024-10-19,B,115,91,339,10,1,0.8374614415756647
2024-10-19,C,86,84,474,4,1,0.971805721313309
2024-10-19,D,139,42,514,13,1,0.9402408063935573
2024-10-19,E,152,124,843,1,1,0.8992036684202807
2024-10-20,A,32,101,835,14,1,0.7118252755361089
2024-10-20,B,94,138,130,5,1,0.9669509182264933
2024-10-20,C,142,42,767,11,0,0.7739969340534333
2024-10-20,D,80,67,579,3,1,0.7798323868507897
2024-10-20,E,128,143,697,14,1,0.9181805411357302
2024-10-21,A,42,139,436,10,1,0.8684315133799373
2024-10-21,B,164,141,235,7,1,0.8321122669075631
2024-10-21,C,73,122,213,4,1,0.8981007491542382
2024-10-21,D,129,149,265,6,1,0.9822070563169695
2024-10-21,E,99,60,911,12,1,0.81881634323064
2024-10-22,A,82,68,787,12,1,0.9205753648920381
2024-10-22,B,15,137,526,4,0,0.7786822965444954
2024-10-22,C,191,91,309,8,1,0.8478688856753808
2024-10-22,D,95,60,493,8,1,0.7226599807470723
2024-10-22,E,79,49,232,7,1,0.7378412974048456
2024-10-23,A,191,75,889,8,1,0.7097459790070495
2024-10-23,B,48,66,789,2,1,0.8452639418042924
2024-10-23,C,40,83,133,2,1,0.8291029521067217
2024-10-23,D,71,52,657,8,1,0.8846286745098779
2024-10-23,E,140,67,311,2,1,0.9073317610161553
2024-10-24,A,167,46,926,10,1,0.910697493825912
2024-10-24,B,54,137,318,11,1,0.9839795718335016
2024-10-24,C,169,39,366,6,1,0.8641188972755326
2024-10-24,D,184,63,456,1,1,0.8584533164269051
2024-10-24,E,49,48,422,2,1,0.8217436276600815
2024-10-25,A,56,35,883,8,1,0.8477205277613007
2024-10-25,B,180,68,611,1,1,0.7197394653385717
2024-10-25,C,80,139,922,1,1,0.8331104341089003
2024-10-25,D,125,53,410,9,1,0.8572944815020362
2024-10-25,E,102,123,426,1,1,0.952332192681661
2024-10-26,A,82,41,134,4,1,0.9745416461214688
2024-10-26,B,32,112,328,7,1,0.9622327354077491
2024-10-26,C,43,100,942,13,1,0.953598992706618
2024-10-26,D,139,132,626,9,1,0.7676993749156165
2024-10-26,E,84,58,805,13,1,0.7199979489469918
2024-10-27,A,90,50,735,3,0,0.807839386556183
2024-10-27,B,50,104,672,10,0,0.7751076188712566
2024-10-27,C,79,136,768,11,1,0.8820919348822797
2024-10-27,D,195,99,724,9,1,0.7805796798743793
2024-10-27,E,162,126,226,1,1,0.7433309452465232
2024-10-28,A,101,40,580,1,1,0.8756963006286398
2024-10-28,B,61,96,565,9,1,0.8098859158619567
2024-10-28,C,192,139,704,4,1,0.7720454788066042
2024-10-28,D,95,54,613,7,1,0.7569798298691077
2024-10-28,E,15,145,760,13,1,0.8023447977459048
2024-10-29,A,163,84,778,4,1,0.7508267206279741
2024-10-29,B,90,50,145,14,1,0.7812050812905194
2024-10-29,C,17,117,486,9,1,0.9737798036774171
2024-10-29,D,95,103,761,14,1,0.9157058329488673
2024-10-29,E,142,119,688,11,1,0.7531645170636375
2024-10-30,A,76,140,726,1,1,0.7816946191543248
2024-10-30,B,21,57,783,13,1,0.8339063738289778
2024-10-30,C,94,86,954,4,1,0.8560404543354054
2024-10-30,D,83,136,991,6,1,0.9345797739364626
2024-10-30,E,128,52,254,10,1,0.7171284281529652
2024-10-31,A,74,35,533,6,1,0.8770512320949232
2024-10-31,B,88,119,150,8,1,0.8219099215832384
2024-10-31,C,115,94,415,14,1,0.9423494355479867
2024-10-31,D,20,41,269,2,1,0.8236053216854969
2024-10-31,E,61,60,900,13,1,0.8918124401628327
2024-11-01,A,161,102,227,7,1,0.822123033813694
2024-11-01,B,139,131,370,3,1,0.9092343484492919
2024-11-01,C,65,92,302,13,1,0.9688770149414737
2024-11-01,D,56,86,661,2,0,0.9594984928623329
2024-11-01,E,125,134,699,2,1,0.8253905524041661
2024-11-02,A,163,100,705,10,1,0.867915230778494
2024-11-02,B,129,30,566,2,1,0.9387895268801822
2024-11-02,C,158,117,423,12,1,0.7455940547422153
2024-11-02,D,39,126,891,14,1,0.712493206701994
2024-11-02,E,197,124,410,13,1,0.8569474002417947
2024-11-03,A,191,55,805,6,1,0.7699562663264848
2024-11-03,B,188,64,910,13,1,0.7048373939116644
2024-11-03,C,48,71,384,11,1,0.9396845686215118
2024-11-03,D,151,105,530,10,1,0.8685630868724539
2024-11-03,E,169,55,470,1,1,0.9426575617100695
2024-11-04,A,139,110,769,8,1,0.8136867729437522
2024-11-04,B,146,51,901,14,1,0.9789765289436995
2024-11-04,C,62,112,455,12,1,0.7295640554238827
2024-11-04,D,114,51,245,12,1,0.7037733437458585
2024-11-04,E,143,112,147,14,1,0.8405805430364529
2024-11-05,A,25,30,470,5,1,0.9237201201044076
2024-11-05,B,134,110,291,10,1,0.7051864134290089
2024-11-05,C,134,62,677,14,1,0.7012318608692345
2024-11-05,D,116,103,603,4,1,0.9126397794718462
2024-11-05,E,155,117,805,1,1,0.9369923500050319
2024-11-06,A,44,132,736,10,1,0.9037515098613979
2024-11-06,B,197,140,882,3,1,0.7862207601536447
2024-11-06,C,159,93,652,7,0,0.700428502923753
2024-11-06,D,34,120,716,6,1,0.9997621896830322
2024-11-06,E,69,78,324,3,1,0.7193502276059685
2024-11-07,A,178,91,448,10,1,0.7696868962289357
2024-11-07,B,88,37,765,4,1,0.9610074776560497
2024-11-07,C,199,109,569,12,1,0.7861773084631203
2024-11-07,D,179,130,640,2,1,0.7414849520214243
2024-11-07,E,10,68,376,1,1,0.7823235163001125
2024-11-08,A,157,39,442,9,1,0.9585640993354771
2024-11-08,B,42,127,842,13,1,0.7374869698252053
2024-11-08,C,86,30,232,1,1,0.9994585163433357
2024-11-08,D,118,136,756,1,0,0.8739416035500388
2024-11-08,E,37,71,198,13,1,0.9399075586008373
2024-11-09,A,19,37,816,11,1,0.7299290673108527
2024-11-09,B,154,104,119,9,1,0.7164142524500919
2024-11-09,C,109,83,989,9,1,0.9428282465388444
2024-11-09,D,43,72,685,14,1,0.7702307994911921
2024-11-09,E,103,95,643,10,1,0.9886587628833974
2024-11-10,A,81,77,405,13,1,0.7969582749572132
2024-11-10,B,83,75,424,2,1,0.7318275338838727
2024-11-10,C,148,146,398,4,1,0.8774055112159628
2024-11-10,D,187,103,453,10,1,0.7992975842810208
2024-11-10,E,168,71,858,4,1,0.8203757749611184
2024-11-11,A,99,140,979,7,1,0.9343871942217077
2024-11-11,B,79,92,576,11,1,0.9976224293774069
2024-11-11,C,84,100,765,8,1,0.9873299974528668
2024-11-11,D,35,71,780,4,1,0.8178517229444207
2024-11-11,E,75,95,243,9,1,0.8509217800814827
2024-11-12,A,40,114,515,6,1,0.7854739757657307
2024-11-12,B,121,95,329,6,1,0.779676279492208
2024-11-12,C,114,94,429,7,1,0.956336524955621
2024-11-12,D,184,104,369,6,1,0.9525950584174678
2024-11-12,E,172,95,430,13,1,0.8431144675538064
2024-11-13,A,29,140,369,2,1,0.7334907788188184
2024-11-13,B,113,71,285,2,1,0.7689148851049695
2024-11-13,C,28,101,831,8,1,0.7787530871449496
2024-11-13,D,95,110,327,1,1,0.813153637535273
2024-11-13,E,103,50,776,11,1,0.8945364742544304
2024-11-14,A,119,104,747,4,1,0.8846043521885723
2024-11-14,B,56,123,659,11,1,0.8697665815305277
2024-11-14,C,77,40,304,13,1,0.8947461894492618
2024-11-14,D,86,77,867,10,1,0.7280560370793728
2024-11-14,E,67,48,187,3,1,0.7148048691092264
2024-11-15,A,37,146,677,10,1,0.791694549050855
2024-11-15,B,151,141,183,1,1,0.7409509036250747
2024-11-15,C,150,91,862,2,1,0.9725095781239245
2024-11-15,D,12,41,695,14,1,0.9031902059006978
2024-11-15,E,72,91,660,3,1,0.9906903586246899
2024-11-16,A,85,44,949,12,1,0.9527663504395544
2024-11-16,B,54,91,562,7,1,0.7226891091503648
2024-11-16,C,73,131,348,6,1,0.7502411471650127
2024-11-16,D,199,118,663,6,1,0.9016847957539457
2024-11-16,E,159,49,132,8,1,0.7977106634733107
2024-11-17,A,66,116,232,7,0,0.9414498451889416
2024-11-17,B,185,138,727,13,1,0.7719846711170893
2024-11-17,C,111,83,881,4,1,0.9001110571376062
2024-11-17,D,76,39,148,7,1,0.7116398364186662
2024-11-17,E,36,104,724,5,1,0.805192807437144
2024-11-18,A,102,44,582,5,1,0.9027677868490632
2024-11-18,B,174,32,428,10,1,0.8819984589327603
2024-11-18,C,32,52,862,5,0,0.9707626344528859
2024-11-18,D,164,80,931,4,1,0.9220053400474638
2024-11-18,E,155,92,150,9,1,0.8205440375805085
2024-11-19,A,180,73,721,4,1,0.74566846417506
2024-11-19,B,137,134,621,4,1,0.8760303723533773
2024-11-19,C,117,104,751,14,1,0.8345897774853203
2024-11-19,D,72,113,636,12,1,0.8517318501607632
2024-11-19,E,135,79,801,9,1,0.9355020508624786
2024-11-20,A,23,30,308,9,1,0.9488286611301939
2024-11-20,B,114,128,246,7,1,0.8390654253655973
2024-11-20,C,153,62,485,14,1,0.821192884990925
2024-11-20,D,98,45,306,10,1,0.8309745165225473
2024-11-20,E,161,140,282,3,1,0.7726879987601399
2024-11-21,A,83,128,826,1,0,0.7058338775258639
2024-11-21,B,151,92,472,10,1,0.7174825904681723
2024-11-21,C,72,125,836,1,1,0.7026995971849767
2024-11-21,D,169,145,818,13,1,0.8944306381783214
2024-11-21,E,161,138,699,11,1,0.792954135025984
2024-11-22,A,50,56,684,4,1,0.8356942105154006
2024-11-22,B,104,73,749,5,1,0.7130982786139025
2024-11-22,C,47,132,852,6,0,0.7604197308381662
2024-11-22,D,181,148,941,6,1,0.7200973283187543
2024-11-22,E,67,134,365,10,1,0.8247740962892528
2024-11-23,A,167,66,730,3,1,0.7573832113112191
2024-11-23,B,61,130,155,12,1,0.7197489530089461
2024-11-23,C,115,121,890,13,1,0.860210833961397
2024-11-23,D,161,80,541,10,1,0.7211382033000875
2024-11-23,E,66,91,974,2,1,0.8382606205808956
2024-11-24,A,79,59,458,7,1,0.9215617118427722
2024-11-24,B,66,138,876,7,1,0.9322753443102013
2024-11-24,C,44,126,888,4,0,0.8871878528296042
2024-11-24,D,24,149,195,6,1,0.7231433122258183
2024-11-24,E,41,81,182,1,1,0.7841583465566202
2024-11-25,A,88,107,758,11,1,0.91927841077991
2024-11-25,B,82,130,567,2,0,0.9593624024746251
2024-11-25,C,134,148,172,11,1,0.7396105530669986
2024-11-25,D,87,121,285,8,1,0.9453551990244498
2024-11-25,E,60,48,248,11,1,0.7302843044908122
2024-11-26,A,182,57,337,8,1,0.8193320054593118
2024-11-26,B,166,46,679,12,1,0.7944415176761704
2024-11-26,C,83,54,422,2,1,0.8505806742342582
2024-11-26,D,35,101,198,11,1,0.85147984122682
2024-11-26,E,198,141,970,3,1,0.7393239585114109
2024-11-27,A,60,44,619,6,1,0.8107053197233518
2024-11-27,B,112,39,713,14,1,0.7880045880010268
2024-11-27,C,14,148,834,7,1,0.8260999928295527
2024-11-27,D,32,77,208,8,1,0.9344906336329631
2024-11-27,E,36,104,424,9,1,0.7033997779613462
2024-11-28,A,56,108,721,13,1,0.7906830101489345
2024-11-28,B,95,121,891,13,1,0.733005316338263
2024-11-28,C,55,149,373,11,0,0.8327181222244581
2024-11-28,D,133,39,428,11,1,0.8420304800782146
2024-11-28,E,140,147,881,10,1,0.990433670921835
2024-11-29,A,73,141,810,4,1,0.7853535879227332
2024-11-29,B,100,68,306,10,1,0.7967349429131949
2024-11-29,C,10,136,405,14,1,0.7961988264209297
2024-11-29,D,71,110,775,8,0,0.9161119638196609
2024-11-29,E,150,38,238,11,1,0.9009860472577654
2024-11-30,A,65,60,904,11,1,0.8454576219148311
2024-11-30,B,184,98,541,4,1,0.7442357801424703
2024-11-30,C,179,77,813,2,1,0.8294752987352527
2024-11-30,D,150,30,676,1,1,0.7160729678822223
2024-11-30,E,68,121,516,5,1,0.8512210239245273
2024-12-01,A,186,77,427,1,1,0.9527392320506726
2024-12-01,B,78,117,700,1,1,0.7482140047572957
2024-12-01,C,140,78,758,12,1,0.9898677177117461
2024-12-01,D,82,85,244,12,1,0.8120620888942887
2024-12-01,E,58,105,543,4,1,0.9141702800189794
2024-12-02,A,59,97,277,5,1,0.8579784827769368
2024-12-02,B,89,40,346,4,0,0.9968048542126118
2024-12-02,C,127,109,705,2,1,0.9846748654566145
2024-12-02,D,154,118,575,13,1,0.9440220680694039
2024-12-02,E,83,90,797,11,0,0.8728477989477899
2024-12-03,A,169,134,336,3,1,0.8056926652627534
2024-12-03,B,89,36,871,11,1,0.9881705608970305
2024-12-03,C,121,113,391,6,1,0.8467968242425364
2024-12-03,D,84,59,838,9,1,0.902659710586017
2024-12-03,E,121,144,894,5,1,0.704055181509916
2024-12-04,A,89,109,988,4,1,0.7528247899095148
2024-12-04,B,163,51,474,10,1,0.7808903197657612
2024-12-04,C,181,129,526,5,1,0.9195038796362445
2024-12-04,D,94,90,748,13,1,0.7317101811637902
2024-12-04,E,132,31,717,12,1,0.8267618140671564
2024-12-05,A,66,110,571,3,1,0.7752961618948212
2024-12-05,B,16,38,665,8,1,0.9524019157018144
2024-12-05,C,11,79,341,11,1,0.968460760211656
2024-12-05,D,20,62,865,7,1,0.7074091893058333
2024-12-05,E,135,139,146,14,1,0.7184823955877407
2024-12-06,A,28,110,222,10,1,0.774970516491067
2024-12-06,B,59,110,706,12,1,0.8213558573374705
2024-12-06,C,68,65,870,10,1,0.7213540708954258
2024-12-06,D,176,119,410,13,1,0.9475404626984257
2024-12-06,E,30,81,437,11,1,0.7545425397000849
2024-12-07,A,53,61,877,8,1,0.7564047151588866
2024-12-07,B,37,82,727,3,1,0.8581445144875793
2024-12-07,C,117,96,685,10,1,0.7858672921719982
2024-12-07,D,44,93,600,10,1,0.7069141265219822
2024-12-07,E,140,96,904,3,1,0.7838804297935396
2024-12-08,A,198,122,989,10,0,0.7402607278979051
2024-12-08,B,170,51,275,3,1,0.9281819744170186
2024-12-08,C,30,130,270,5,1,0.8375949694243228
2024-12-08,D,47,117,366,9,0,0.7872166922861995
2024-12-08,E,70,147,246,14,1,0.8101833103842128
2024-12-09,A,194,43,143,1,1,0.9509860631102974
2024-12-09,B,64,80,969,7,1,0.9453712530497318
2024-12-09,C,168,109,130,9,1,0.9096501011338098
2024-12-09,D,61,39,571,10,1,0.7024024422021348
2024-12-09,E,196,143,663,2,1,0.7243178691632809
2024-12-10,A,118,125,836,2,1,0.988425273353972
2024-12-10,B,76,90,426,8,1,0.9080145701844566
2024-12-10,C,160,59,707,8,1,0.8510859813920804
2024-12-10,D,122,121,736,8,1,0.8519051659842437
2024-12-10,E,170,98,905,2,1,0.9044380346275815
2024-12-11,A,48,83,611,10,1,0.7557800922623154
2024-12-11,B,25,50,784,7,1,0.9308926491650963
2024-12-11,C,91,91,898,4,1,0.9245082500285859
2024-12-11,D,82,32,214,10,1,0.868104602305097
2024-12-11,E,87,32,325,1,1,0.95378957682956
2024-12-12,A,139,100,723,5,1,0.7673747147961703
2024-12-12,B,170,61,547,5,1,0.8052926871778274
2024-12-12,C,51,130,620,9,1,0.7183649974430716
2024-12-12,D,29,135,844,10,1,0.8376909154196046
2024-12-12,E,98,131,807,14,1,0.7315795487441276
2024-12-13,A,91,55,539,4,1,0.8592085569290564
2024-12-13,B,174,138,732,1,1,0.7699133884800617
2024-12-13,C,137,119,571,14,1,0.7340161286657717
2024-12-13,D,42,60,480,12,1,0.9496717320125325
2024-12-13,E,66,67,799,6,0,0.9854189117453247
2024-12-14,A,193,43,644,10,1,0.8236289706124343
2024-12-14,B,77,120,959,13,1,0.889134434697397
2024-12-14,C,106,141,886,5,1,0.9027977469269021
2024-12-14,D,36,46,912,8,1,0.9473879058402679
2024-12-14,E,42,30,303,6,1,0.7143516437521116
2024-12-15,A,89,47,788,2,1,0.9431309756846876
2024-12-15,B,145,32,124,10,1,0.900405835753768
2024-12-15,C,91,79,984,1,1,0.9521897934457376
2024-12-15,D,25,109,594,6,1,0.8807534090724186
2024-12-15,E,190,92,467,9,1,0.8418637966631635
2024-12-16,A,153,81,640,12,1,0.9913659735656483
2024-12-16,B,98,42,939,8,1,0.74717069952827
2024-12-16,C,42,115,661,8,1,0.8321303711968138
2024-12-16,D,187,58,138,11,1,0.8809666406973891
2024-12-16,E,55,96,296,14,1,0.9766146406381322
2024-12-17,A,198,52,665,10,1,0.7998070539078009
2024-12-17,B,107,84,739,5,1,0.9067430070941013
2024-12-17,C,127,129,660,9,1,0.9337016181772113
2024-12-17,D,187,146,222,6,1,0.9435727344879714
2024-12-17,E,21,33,472,13,1,0.7469280756464857
2024-12-18,A,16,116,827,5,1,0.7949794181231706
2024-12-18,B,15,118,307,5,1,0.9612902799587628
2024-12-18,C,86,106,387,13,1,0.9922914889331432
2024-12-18,D,129,65,253,10,1,0.9894071436485383
2024-12-18,E,86,30,587,3,1,0.8738897374605454
2024-12-19,A,24,133,294,13,1,0.7816856982124403
2024-12-19,B,180,142,927,6,1,0.8708563836046098
2024-12-19,C,130,124,246,3,1,0.9807982537005333
2024-12-19,D,178,136,726,13,1,0.803193890894911
2024-12-19,E,93,106,772,5,1,0.8934159932145452
2024-12-20,A,23,133,551,7,0,0.8662543766346397
2024-12-20,B,141,123,822,9,0,0.810025622927782
2024-12-20,C,69,75,921,10,0,0.9862394924713218
2024-12-20,D,36,99,317,2,1,0.9956572399765654
2024-12-20,E,59,48,356,8,1,0.8701098350503682
2024-12-21,A,49,67,147,7,1,0.9801036718398806
2024-12-21,B,116,89,875,6,1,0.7002368533279656
2024-12-21,C,99,31,435,6,1,0.8549333025708464
2024-12-21,D,156,57,171,14,1,0.9022592868594789
2024-12-21,E,65,119,322,8,1,0.8132162874924329
2024-12-22,A,34,145,591,13,1,0.8987115579738261
2024-12-22,B,85,38,263,9,1,0.8558193055850403
2024-12-22,C,179,90,273,6,1,0.8808009882833515
2024-12-22,D,91,145,691,8,1,0.980872116342161
2024-12-22,E,66,100,628,2,1,0.8134074848303205
2024-12-23,A,194,42,402,7,1,0.9126296897036964
2024-12-23,B,74,58,659,5,1,0.7077227229241648
2024-12-23,C,110,100,774,13,1,0.8366505085657661
2024-12-23,D,81,129,380,12,0,0.9834250240630635
2024-12-23,E,183,52,310,14,1,0.707317297933029
2024-12-24,A,10,48,480,12,1,0.8810743741369188
2024-12-24,B,100,81,838,12,1,0.7493576117178437
2024-12-24,C,117,116,865,1,0,0.7369156370770974
2024-12-24,D,178,135,944,12,1,0.9972137675869315
2024-12-24,E,101,59,117,12,1,0.7717669640997573
2024-12-25,A,124,89,501,1,1,0.8087529193966371
2024-12-25,B,68,31,452,7,1,0.8700418315031397
2024-12-25,C,27,46,837,7,1,0.8670196923277653
2024-12-25,D,103,105,646,11,1,0.868208344412704
2024-12-25,E,34,77,259,4,1,0.7618608147705336
2024-12-26,A,175,146,802,1,1,0.9717550576296387
2024-12-26,B,73,46,481,14,1,0.77097037756333
2024-12-26,C,22,64,654,2,1,0.952737095835524
2024-12-26,D,60,83,243,2,1,0.7040919537507643
2024-12-26,E,51,134,370,12,1,0.8486961762649741
2024-12-27,A,121,84,944,8,1,0.7590065674693639
2024-12-27,B,131,124,691,10,0,0.8881775201907934
2024-12-27,C,143,121,899,12,1,0.8037485710928781
2024-12-27,D,136,102,234,2,1,0.7095983380432974
2024-12-27,E,50,69,102,1,1,0.8630786724733877
2024-12-28,A,123,141,535,6,1,0.713430516606546
2024-12-28,B,175,55,494,10,1,0.9663452921007457
2024-12-28,C,40,106,601,3,1,0.8182250945530095
2024-12-28,D,120,130,979,14,1,0.8510710223210665
2024-12-28,E,172,145,272,6,1,0.9689512752876984
2024-12-29,A,111,38,632,4,1,0.7973662329192778
2024-12-29,B,92,84,432,12,0,0.792867790453922
2024-12-29,C,89,54,602,7,0,0.9417026137128113
2024-12-29,D,193,67,238,3,1,0.9039177388005274
2024-12-29,E,58,125,812,13,1,0.8418476874688907
2024-12-30,A,102,145,969,1,1,0.9915852535779417
2024-12-30,B,127,49,986,3,1,0.8900392357707317
2024-12-30,C,123,56,856,8,1,0.9465404377762601
2024-12-30,D,118,149,690,6,1,0.7339407813022071
2024-12-30,E,38,90,818,8,1,0.8923018171962104
